This is pdfTeX, Version 3.141592653-2.6-1.40.28 (MiKTeX 25.12) (preloaded format=pdflatex 2026.5.31)  5 SEP 2026 11:05
entering extended mode
 restricted \write18 enabled.
 file:line:error style messages enabled.
 %&-line parsing enabled.
**"c:/Users/Влад/Documents/Курс 4 Семестр 1/ОВФ/01_Лекци
и/LaTeX/parts/cheat_sheet.tex"

(c:/Users/Влад/Documents/Курс 4 Семестр 1/ОВФ/01_Лекции
/LaTeX/parts/cheat_sheet.tex
LaTeX2e <2025-11-01>
L3 programming layer <2025-12-24>

(C:\Users\Влад\AppData\Local\Programs\MiKTeX\tex/latex/subfiles\subfiles.cl
s
Document Class: subfiles 2020/11/14 v2.2 Multi-file projects (class)
Preamble taken from file `../final.tex'
(C:\Users\Влад\AppData\Local\Programs\MiKTeX\tex/latex/import\import.sty
Package: import 2020/04/01  v 6.2
)
(../final.tex
(C:\Users\Влад\AppData\Local\Programs\MiKTeX\tex/latex/base\report.cls
Document Class: report 2025/01/22 v1.4n Standard LaTeX document class
(C:\Users\Влад\AppData\Local\Programs\MiKTeX\tex/latex/base\size12.clo
File: size12.clo 2025/01/22 v1.4n Standard LaTeX file (size option)
)
\c@part=\count275
\c@chapter=\count276
\c@section=\count277
\c@subsection=\count278
\c@subsubsection=\count279
\c@paragraph=\count280
\c@subparagraph=\count281
\c@figure=\count282
\c@table=\count283
\abovecaptionskip=\skip49
\belowcaptionskip=\skip50
\bibindent=\dimen148
)
(../style/style.tex
(C:\Users\Влад\AppData\Local\Programs\MiKTeX\tex/latex/subfiles\subfiles.st
y
Package: subfiles 2020/11/14 v2.2 Multi-file projects (package)
) (../style/packages.tex
(C:\Users\Влад\AppData\Local\Programs\MiKTeX\tex/latex/cmap\cmap.sty
Package: cmap 2021/02/06 v1.0j CMap support: searchable PDF
)
(C:\Users\Влад\AppData\Local\Programs\MiKTeX\tex/latex/base\fontenc.sty
Package: fontenc 2025/07/18 v2.1d Standard LaTeX package

(C:\Users\Влад\AppData\Local\Programs\MiKTeX\tex/latex/cyrillic\t2aenc.def
File: t2aenc.def 2023/11/07 v1.0k Cyrillic encoding definition file
Now handling font encoding T2A ...
... processing UTF-8 mapping file for font encoding T2A

(C:\Users\Влад\AppData\Local\Programs\MiKTeX\tex/latex/base\t2aenc.dfu
File: t2aenc.dfu 2022/06/07 v1.3c UTF-8 support
   defining Unicode char U+00A4 (decimal 164)
   defining Unicode char U+00A7 (decimal 167)
   defining Unicode char U+00AB (decimal 171)
   defining Unicode char U+00BB (decimal 187)
   defining Unicode char U+0131 (decimal 305)
   defining Unicode char U+0237 (decimal 567)
   defining Unicode char U+0400 (decimal 1024)
   defining Unicode char U+0401 (decimal 1025)
   defining Unicode char U+0402 (decimal 1026)
   defining Unicode char U+0403 (decimal 1027)
   defining Unicode char U+0404 (decimal 1028)
   defining Unicode char U+0405 (decimal 1029)
   defining Unicode char U+0406 (decimal 1030)
   defining Unicode char U+0407 (decimal 1031)
   defining Unicode char U+0408 (decimal 1032)
   defining Unicode char U+0409 (decimal 1033)
   defining Unicode char U+040A (decimal 1034)
   defining Unicode char U+040B (decimal 1035)
   defining Unicode char U+040C (decimal 1036)
   defining Unicode char U+040D (decimal 1037)
   defining Unicode char U+040E (decimal 1038)
   defining Unicode char U+040F (decimal 1039)
   defining Unicode char U+0410 (decimal 1040)
   defining Unicode char U+0411 (decimal 1041)
   defining Unicode char U+0412 (decimal 1042)
   defining Unicode char U+0413 (decimal 1043)
   defining Unicode char U+0414 (decimal 1044)
   defining Unicode char U+0415 (decimal 1045)
   defining Unicode char U+0416 (decimal 1046)
   defining Unicode char U+0417 (decimal 1047)
   defining Unicode char U+0418 (decimal 1048)
   defining Unicode char U+0419 (decimal 1049)
   defining Unicode char U+041A (decimal 1050)
   defining Unicode char U+041B (decimal 1051)
   defining Unicode char U+041C (decimal 1052)
   defining Unicode char U+041D (decimal 1053)
   defining Unicode char U+041E (decimal 1054)
   defining Unicode char U+041F (decimal 1055)
   defining Unicode char U+0420 (decimal 1056)
   defining Unicode char U+0421 (decimal 1057)
   defining Unicode char U+0422 (decimal 1058)
   defining Unicode char U+0423 (decimal 1059)
   defining Unicode char U+0424 (decimal 1060)
   defining Unicode char U+0425 (decimal 1061)
   defining Unicode char U+0426 (decimal 1062)
   defining Unicode char U+0427 (decimal 1063)
   defining Unicode char U+0428 (decimal 1064)
   defining Unicode char U+0429 (decimal 1065)
   defining Unicode char U+042A (decimal 1066)
   defining Unicode char U+042B (decimal 1067)
   defining Unicode char U+042C (decimal 1068)
   defining Unicode char U+042D (decimal 1069)
   defining Unicode char U+042E (decimal 1070)
   defining Unicode char U+042F (decimal 1071)
   defining Unicode char U+0430 (decimal 1072)
   defining Unicode char U+0431 (decimal 1073)
   defining Unicode char U+0432 (decimal 1074)
   defining Unicode char U+0433 (decimal 1075)
   defining Unicode char U+0434 (decimal 1076)
   defining Unicode char U+0435 (decimal 1077)
   defining Unicode char U+0436 (decimal 1078)
   defining Unicode char U+0437 (decimal 1079)
   defining Unicode char U+0438 (decimal 1080)
   defining Unicode char U+0439 (decimal 1081)
   defining Unicode char U+043A (decimal 1082)
   defining Unicode char U+043B (decimal 1083)
   defining Unicode char U+043C (decimal 1084)
   defining Unicode char U+043D (decimal 1085)
   defining Unicode char U+043E (decimal 1086)
   defining Unicode char U+043F (decimal 1087)
   defining Unicode char U+0440 (decimal 1088)
   defining Unicode char U+0441 (decimal 1089)
   defining Unicode char U+0442 (decimal 1090)
   defining Unicode char U+0443 (decimal 1091)
   defining Unicode char U+0444 (decimal 1092)
   defining Unicode char U+0445 (decimal 1093)
   defining Unicode char U+0446 (decimal 1094)
   defining Unicode char U+0447 (decimal 1095)
   defining Unicode char U+0448 (decimal 1096)
   defining Unicode char U+0449 (decimal 1097)
   defining Unicode char U+044A (decimal 1098)
   defining Unicode char U+044B (decimal 1099)
   defining Unicode char U+044C (decimal 1100)
   defining Unicode char U+044D (decimal 1101)
   defining Unicode char U+044E (decimal 1102)
   defining Unicode char U+044F (decimal 1103)
   defining Unicode char U+0450 (decimal 1104)
   defining Unicode char U+0451 (decimal 1105)
   defining Unicode char U+0452 (decimal 1106)
   defining Unicode char U+0453 (decimal 1107)
   defining Unicode char U+0454 (decimal 1108)
   defining Unicode char U+0455 (decimal 1109)
   defining Unicode char U+0456 (decimal 1110)
   defining Unicode char U+0457 (decimal 1111)
   defining Unicode char U+0458 (decimal 1112)
   defining Unicode char U+0459 (decimal 1113)
   defining Unicode char U+045A (decimal 1114)
   defining Unicode char U+045B (decimal 1115)
   defining Unicode char U+045C (decimal 1116)
   defining Unicode char U+045D (decimal 1117)
   defining Unicode char U+045E (decimal 1118)
   defining Unicode char U+045F (decimal 1119)
   defining Unicode char U+0490 (decimal 1168)
   defining Unicode char U+0491 (decimal 1169)
   defining Unicode char U+0492 (decimal 1170)
   defining Unicode char U+0493 (decimal 1171)
   defining Unicode char U+0496 (decimal 1174)
   defining Unicode char U+0497 (decimal 1175)
   defining Unicode char U+0498 (decimal 1176)
   defining Unicode char U+0499 (decimal 1177)
   defining Unicode char U+049A (decimal 1178)
   defining Unicode char U+049B (decimal 1179)
   defining Unicode char U+049C (decimal 1180)
   defining Unicode char U+049D (decimal 1181)
   defining Unicode char U+04A0 (decimal 1184)
   defining Unicode char U+04A1 (decimal 1185)
   defining Unicode char U+04A2 (decimal 1186)
   defining Unicode char U+04A3 (decimal 1187)
   defining Unicode char U+04A4 (decimal 1188)
   defining Unicode char U+04A5 (decimal 1189)
   defining Unicode char U+04AA (decimal 1194)
   defining Unicode char U+04AB (decimal 1195)
   defining Unicode char U+04AE (decimal 1198)
   defining Unicode char U+04AF (decimal 1199)
   defining Unicode char U+04B0 (decimal 1200)
   defining Unicode char U+04B1 (decimal 1201)
   defining Unicode char U+04B2 (decimal 1202)
   defining Unicode char U+04B3 (decimal 1203)
   defining Unicode char U+04B6 (decimal 1206)
   defining Unicode char U+04B7 (decimal 1207)
   defining Unicode char U+04B8 (decimal 1208)
   defining Unicode char U+04B9 (decimal 1209)
   defining Unicode char U+04BA (decimal 1210)
   defining Unicode char U+04BB (decimal 1211)
   defining Unicode char U+04C0 (decimal 1216)
   defining Unicode char U+04C1 (decimal 1217)
   defining Unicode char U+04C2 (decimal 1218)
   defining Unicode char U+04D0 (decimal 1232)
   defining Unicode char U+04D1 (decimal 1233)
   defining Unicode char U+04D2 (decimal 1234)
   defining Unicode char U+04D3 (decimal 1235)
   defining Unicode char U+04D4 (decimal 1236)
   defining Unicode char U+04D5 (decimal 1237)
   defining Unicode char U+04D6 (decimal 1238)
   defining Unicode char U+04D7 (decimal 1239)
   defining Unicode char U+04D8 (decimal 1240)
   defining Unicode char U+04D9 (decimal 1241)
   defining Unicode char U+04DA (decimal 1242)
   defining Unicode char U+04DB (decimal 1243)
   defining Unicode char U+04DC (decimal 1244)
   defining Unicode char U+04DD (decimal 1245)
   defining Unicode char U+04DE (decimal 1246)
   defining Unicode char U+04DF (decimal 1247)
   defining Unicode char U+04E2 (decimal 1250)
   defining Unicode char U+04E3 (decimal 1251)
   defining Unicode char U+04E4 (decimal 1252)
   defining Unicode char U+04E5 (decimal 1253)
   defining Unicode char U+04E6 (decimal 1254)
   defining Unicode char U+04E7 (decimal 1255)
   defining Unicode char U+04E8 (decimal 1256)
   defining Unicode char U+04E9 (decimal 1257)
   defining Unicode char U+04EC (decimal 1260)
   defining Unicode char U+04ED (decimal 1261)
   defining Unicode char U+04EE (decimal 1262)
   defining Unicode char U+04EF (decimal 1263)
   defining Unicode char U+04F0 (decimal 1264)
   defining Unicode char U+04F1 (decimal 1265)
   defining Unicode char U+04F2 (decimal 1266)
   defining Unicode char U+04F3 (decimal 1267)
   defining Unicode char U+04F4 (decimal 1268)
   defining Unicode char U+04F5 (decimal 1269)
   defining Unicode char U+04F8 (decimal 1272)
   defining Unicode char U+04F9 (decimal 1273)
   defining Unicode char U+200C (decimal 8204)
   defining Unicode char U+2013 (decimal 8211)
   defining Unicode char U+2014 (decimal 8212)
   defining Unicode char U+2018 (decimal 8216)
   defining Unicode char U+2019 (decimal 8217)
   defining Unicode char U+201C (decimal 8220)
   defining Unicode char U+201D (decimal 8221)
   defining Unicode char U+201E (decimal 8222)
   defining Unicode char U+2030 (decimal 8240)
   defining Unicode char U+2031 (decimal 8241)
   defining Unicode char U+2116 (decimal 8470)
   defining Unicode char U+2329 (decimal 9001)
   defining Unicode char U+3008 (decimal 12296)
   defining Unicode char U+232A (decimal 9002)
   defining Unicode char U+3009 (decimal 12297)
   defining Unicode char U+2423 (decimal 9251)
   defining Unicode char U+27E8 (decimal 10216)
   defining Unicode char U+27E9 (decimal 10217)
   defining Unicode char U+FB00 (decimal 64256)
   defining Unicode char U+FB01 (decimal 64257)
   defining Unicode char U+FB02 (decimal 64258)
   defining Unicode char U+FB03 (decimal 64259)
   defining Unicode char U+FB04 (decimal 64260)
   defining Unicode char U+FB05 (decimal 64261)
   defining Unicode char U+FB06 (decimal 64262)
))
LaTeX Font Info:    Trying to load font information for T2A+cmr on input line 1
16.

(C:\Users\Влад\AppData\Local\Programs\MiKTeX\tex/latex/cyrillic\t2acmr.fd
File: t2acmr.fd 2001/08/11 v1.0a Computer Modern Cyrillic font definitions
)<<t2a.cmap>>)
(C:\Users\Влад\AppData\Local\Programs\MiKTeX\tex/latex/base\inputenc.sty
Package: inputenc 2024/02/08 v1.3d Input encoding file
\inpenc@prehook=\toks17
\inpenc@posthook=\toks18
)
(C:\Users\Влад\AppData\Local\Programs\MiKTeX\tex/generic/babel\babel.sty
Package: babel 2025/12/11 v25.17 The multilingual framework for LuaLaTeX, pdfLa
TeX and XeLaTeX
\babel@savecnt=\count284
LaTeX Encoding Info:    Redeclaring text command \ij (encoding OT1) on input li
ne 2068.
LaTeX Encoding Info:    Redeclaring text command \IJ (encoding OT1) on input li
ne 2070.
LaTeX Encoding Info:    Redeclaring text command \ij (encoding T1) on input lin
e 2072.
LaTeX Encoding Info:    Redeclaring text command \IJ (encoding T1) on input lin
e 2073.
LaTeX Encoding Info:    Ignoring declaration for text command \ij (encoding ?) 
on input line 2074.
LaTeX Encoding Info:    Ignoring declaration for text command \IJ (encoding ?) 
on input line 2076.
LaTeX Encoding Info:    Ignoring declaration for text command \SS (encoding ?) 
on input line 2101.
\U@D=\dimen149
\l@unhyphenated=\language79

(C:\Users\Влад\AppData\Local\Programs\MiKTeX\tex/generic/babel\txtbabel.def
)
\bbl@readstream=\read2
\bbl@dirlevel=\count285
Package babel Info: Configuration files are deprecated, as
(babel)             they can break document portability.
(babel)             Reported on input line 4196.

*************************************
* Local config file bblopts.cfg used
*
(C:\Users\Влад\AppData\Local\Programs\MiKTeX\tex/latex/arabi\bblopts.cfg
File: bblopts.cfg 2005/09/08 v0.1 add Arabic and Farsi to "declared" options of
 babel
)
(C:\Users\Влад\AppData\Local\Programs\MiKTeX\tex/generic/babel/locale/en\ba
bel-english.tex)
(C:\Users\Влад\AppData\Local\Programs\MiKTeX\tex/generic/babel/locale/ru\ba
bel-russian.tex)
Package babel Info: Importing font and identification data for english
(babel)             from babel-en.ini. Reported on input line 4320.

(C:\Users\Влад\AppData\Local\Programs\MiKTeX\tex/latex/babel-english\englis
h.ldf
Language: english 2017/06/06 v3.3r English support from the babel system
Package babel Info: Hyphen rules for 'canadian' set to \l@english
(babel)             (\language0). Reported on input line 102.
Package babel Info: Hyphen rules for 'australian' set to \l@ukenglish
(babel)             (\language73). Reported on input line 105.
Package babel Info: Hyphen rules for 'newzealand' set to \l@ukenglish
(babel)             (\language73). Reported on input line 108.
)
Package babel Info: Importing font and identification data for russian
(babel)             from babel-ru.ini. Reported on input line 4320.

(C:\Users\Влад\AppData\Local\Programs\MiKTeX\tex/latex/babel-russian\russia
nb.ldf
File: russianb.ldf 2021/01/10 1.3m Russian support for the Babel system
Language: russian 2020/09/09 1.3k Russian support for the Babel system
Package babel Info: Making " an active character on input line 124.
Package babel Info: Default for \cyrdash is provided on input line 163.
))
(C:\Users\Влад\AppData\Local\Programs\MiKTeX\tex/latex/amsmath\amsmath.sty
Package: amsmath 2025/07/09 v2.17z AMS math features
\@mathmargin=\skip51

For additional information on amsmath, use the `?' option.
(C:\Users\Влад\AppData\Local\Programs\MiKTeX\tex/latex/amsmath\amstext.sty
Package: amstext 2024/11/17 v2.01 AMS text

(C:\Users\Влад\AppData\Local\Programs\MiKTeX\tex/latex/amsmath\amsgen.sty
File: amsgen.sty 1999/11/30 v2.0 generic functions
\@emptytoks=\toks19
\ex@=\dimen150
)) (C:\Users\Влад\AppData\Local\Programs\MiKTeX\tex/latex/amsmath\amsbsy.st
y
Package: amsbsy 1999/11/29 v1.2d Bold Symbols
\pmbraise@=\dimen151
) (C:\Users\Влад\AppData\Local\Programs\MiKTeX\tex/latex/amsmath\amsopn.sty
Package: amsopn 2022/04/08 v2.04 operator names
)
\inf@bad=\count286
LaTeX Info: Redefining \frac on input line 233.
\uproot@=\count287
\leftroot@=\count288
LaTeX Info: Redefining \overline on input line 398.
LaTeX Info: Redefining \colon on input line 409.
\classnum@=\count289
\DOTSCASE@=\count290
LaTeX Info: Redefining \ldots on input line 495.
LaTeX Info: Redefining \dots on input line 498.
LaTeX Info: Redefining \cdots on input line 619.
\Mathstrutbox@=\box53
\strutbox@=\box54
LaTeX Info: Redefining \big on input line 721.
LaTeX Info: Redefining \Big on input line 722.
LaTeX Info: Redefining \bigg on input line 723.
LaTeX Info: Redefining \Bigg on input line 724.
\big@size=\dimen152
LaTeX Font Info:    Redeclaring font encoding OML on input line 742.
LaTeX Font Info:    Redeclaring font encoding OMS on input line 743.
\macc@depth=\count291
LaTeX Info: Redefining \bmod on input line 904.
LaTeX Info: Redefining \pmod on input line 909.
LaTeX Info: Redefining \smash on input line 939.
LaTeX Info: Redefining \relbar on input line 969.
LaTeX Info: Redefining \Relbar on input line 970.
\c@MaxMatrixCols=\count292
\dotsspace@=\muskip17
\c@parentequation=\count293
\dspbrk@lvl=\count294
\tag@help=\toks20
\row@=\count295
\column@=\count296
\maxfields@=\count297
\andhelp@=\toks21
\eqnshift@=\dimen153
\alignsep@=\dimen154
\tagshift@=\dimen155
\tagwidth@=\dimen156
\totwidth@=\dimen157
\lineht@=\dimen158
\@envbody=\toks22
\multlinegap=\skip52
\multlinetaggap=\skip53
\mathdisplay@stack=\toks23
LaTeX Info: Redefining \[ on input line 2950.
LaTeX Info: Redefining \] on input line 2951.
)
(C:\Users\Влад\AppData\Local\Programs\MiKTeX\tex/latex/amsfonts\amssymb.sty
Package: amssymb 2013/01/14 v3.01 AMS font symbols

(C:\Users\Влад\AppData\Local\Programs\MiKTeX\tex/latex/amsfonts\amsfonts.st
y
Package: amsfonts 2013/01/14 v3.01 Basic AMSFonts support
\symAMSa=\mathgroup4
\symAMSb=\mathgroup5
LaTeX Font Info:    Redeclaring math symbol \hbar on input line 98.
LaTeX Font Info:    Overwriting math alphabet `\mathfrak' in version `bold'
(Font)                  U/euf/m/n --> U/euf/b/n on input line 106.
))
(C:\Users\Влад\AppData\Local\Programs\MiKTeX\tex/latex/braket\braket.sty)
(C:\Users\Влад\AppData\Local\Programs\MiKTeX\tex/latex/tools\bm.sty
Package: bm 2025/10/21 v1.2g Bold Symbol Support (DPC/FMi)
\symboldoperators=\mathgroup6
\symboldletters=\mathgroup7
\symboldsymbols=\mathgroup8
Package bm Info: No bold for \OMX/cmex/m/n, using \pmb.
Package bm Info: No bold for \U/msa/m/n, using \pmb.
Package bm Info: No bold for \U/msb/m/n, using \pmb.
LaTeX Font Info:    Redeclaring math alphabet \mathbf on input line 149.
)
(C:\Users\Влад\AppData\Local\Programs\MiKTeX\tex/latex/graphics\graphicx.st
y
Package: graphicx 2024/12/31 v1.2e Enhanced LaTeX Graphics (DPC,SPQR)

(C:\Users\Влад\AppData\Local\Programs\MiKTeX\tex/latex/graphics\keyval.sty
Package: keyval 2022/05/29 v1.15 key=value parser (DPC)
\KV@toks@=\toks24
)
(C:\Users\Влад\AppData\Local\Programs\MiKTeX\tex/latex/graphics\graphics.st
y
Package: graphics 2024/08/06 v1.4g Standard LaTeX Graphics (DPC,SPQR)
 (C:\Users\Влад\AppData\Local\Programs\MiKTeX\tex/latex/graphics\trig.sty
Package: trig 2023/12/02 v1.11 sin cos tan (DPC)
)
(C:\Users\Влад\AppData\Local\Programs\MiKTeX\tex/latex/graphics-cfg\graphic
s.cfg
File: graphics.cfg 2016/06/04 v1.11 sample graphics configuration
)
Package graphics Info: Driver file: pdftex.def on input line 106.

(C:\Users\Влад\AppData\Local\Programs\MiKTeX\tex/latex/graphics-def\pdftex.
def
File: pdftex.def 2025/09/29 v1.2d Graphics/color driver for pdftex
))
\Gin@req@height=\dimen159
\Gin@req@width=\dimen160
)
(C:\Users\Влад\AppData\Local\Programs\MiKTeX\tex/latex/float\float.sty
Package: float 2001/11/08 v1.3d Float enhancements (AL)
\c@float@type=\count298
\float@exts=\toks25
\float@box=\box55
\@float@everytoks=\toks26
\@floatcapt=\box56
)
(C:\Users\Влад\AppData\Local\Programs\MiKTeX\tex/latex/wrapfig\wrapfig.sty
\wrapoverhang=\dimen161
\WF@size=\dimen162
\c@WF@wrappedlines=\count299
\WF@box=\box57
\WF@everypar=\toks27
Package: wrapfig 2003/01/31  v 3.6
) (C:\Users\Влад\AppData\Local\Programs\MiKTeX\tex/latex/capt-of\capt-of.st
y
Package: capt-of 2009/12/29 v0.2 standard captions outside of floats
)
(C:\Users\Влад\AppData\Local\Programs\MiKTeX\tex/latex/caption\caption.sty
Package: caption 2023/08/05 v3.6o Customizing captions (AR)

(C:\Users\Влад\AppData\Local\Programs\MiKTeX\tex/latex/caption\caption3.sty
Package: caption3 2023/07/31 v2.4d caption3 kernel (AR)
\caption@tempdima=\dimen163
\captionmargin=\dimen164
\caption@leftmargin=\dimen165
\caption@rightmargin=\dimen166
\caption@width=\dimen167
\caption@indent=\dimen168
\caption@parindent=\dimen169
\caption@hangindent=\dimen170
Package caption Info: Standard document class detected.
)
\c@caption@flags=\count300
\c@continuedfloat=\count301
Package caption Info: float package is loaded.
Package caption Info: wrapfig package is loaded.
)
(C:\Users\Влад\AppData\Local\Programs\MiKTeX\tex/latex/caption\subcaption.s
ty
Package: subcaption 2023/07/28 v1.6b Sub-captions (AR)
Package caption Info: New subtype `subfigure' on input line 238.
\c@subfigure=\count302
Package caption Info: New subtype `subtable' on input line 238.
\c@subtable=\count303
) (C:\Users\Влад\AppData\Local\Programs\MiKTeX\tex/latex/tools\array.sty
Package: array 2025/09/25 v2.6n Tabular extension package (FMi)
\col@sep=\dimen171
\ar@mcellbox=\box58
\extrarowheight=\dimen172
\NC@list=\toks28
\extratabsurround=\skip54
\backup@length=\skip55
\ar@cellbox=\box59
) (C:\Users\Влад\AppData\Local\Programs\MiKTeX\tex/latex/tools\tabularx.sty
Package: tabularx 2023/12/11 v2.12a `tabularx' package (DPC)
\TX@col@width=\dimen173
\TX@old@table=\dimen174
\TX@old@col=\dimen175
\TX@target=\dimen176
\TX@delta=\dimen177
\TX@cols=\count304
\TX@ftn=\toks29
)
(C:\Users\Влад\AppData\Local\Programs\MiKTeX\tex/latex/makecell\makecell.st
y
Package: makecell 2009/08/03 V0.1e Managing of Tab Column Heads and Cells
\rotheadsize=\dimen178
\c@nlinenum=\count305
\TeXr@lab=\toks30
)
(C:\Users\Влад\AppData\Local\Programs\MiKTeX\tex/latex/multirow\multirow.st
y
Package: multirow 2024/11/12 v2.9 Span multiple rows of a table
\multirow@colwidth=\skip56
\multirow@cntb=\count306
\multirow@dima=\skip57
\bigstrutjot=\dimen179
)
(C:\Users\Влад\AppData\Local\Programs\MiKTeX\tex/latex/colortbl\colortbl.st
y
Package: colortbl 2026/05/01 v1.0l Color table columns (DPC)
 (C:\Users\Влад\AppData\Local\Programs\MiKTeX\tex/latex/graphics\color.sty
Package: color 2025/01/14 v1.3e Standard LaTeX Color (DPC)

(C:\Users\Влад\AppData\Local\Programs\MiKTeX\tex/latex/graphics-cfg\color.c
fg
File: color.cfg 2016/01/02 v1.6 sample color configuration
)
Package color Info: Driver file: pdftex.def on input line 149.

(C:\Users\Влад\AppData\Local\Programs\MiKTeX\tex/latex/graphics\mathcolor.l
tx))
\everycr=\toks31
\minrowclearance=\skip58
\rownum=\count307
)
(C:\Users\Влад\AppData\Local\Programs\MiKTeX\tex/latex/siunitx\siunitx.sty
Package: siunitx 2026-05-15 v3.5.5 A comprehensive (SI) units package
\l__siunitx_number_uncert_offset_int=\count308
\l__siunitx_number_exponent_fixed_int=\count309
\l__siunitx_number_min_decimal_int=\count310
\l__siunitx_number_min_integer_int=\count311
\l__siunitx_number_round_precision_int=\count312
\l__siunitx_number_lower_threshold_int=\count313
\l__siunitx_number_upper_threshold_int=\count314
\l__siunitx_number_group_first_int=\count315
\l__siunitx_number_group_size_int=\count316
\l__siunitx_number_group_min_int=\count317
\l__siunitx_number_group_minimum_int=\count318
\l__siunitx_compound_count_int=\count319

(C:\Users\Влад\AppData\Local\Programs\MiKTeX\tex/latex/translations\transla
tions.sty
Package: translations 2022/02/05 v1.12 internationalization of LaTeX2e packages
 (CN)

(C:\Users\Влад\AppData\Local\Programs\MiKTeX\tex/latex/etoolbox\etoolbox.st
y
Package: etoolbox 2025/10/02 v2.5m e-TeX tools for LaTeX (JAW)
\etb@tempcnta=\count320
)
(C:\Users\Влад\AppData\Local\Programs\MiKTeX\tex/generic/pdftexcmds\pdftexc
mds.sty
Package: pdftexcmds 2020-06-27 v0.33 Utility functions of pdfTeX for LuaTeX (HO
)

(C:\Users\Влад\AppData\Local\Programs\MiKTeX\tex/generic/infwarerr\infwarer
r.sty
Package: infwarerr 2019/12/03 v1.5 Providing info/warning/error messages (HO)
)
(C:\Users\Влад\AppData\Local\Programs\MiKTeX\tex/generic/iftex\iftex.sty
Package: iftex 2024/12/12 v1.0g TeX engine tests
)
(C:\Users\Влад\AppData\Local\Programs\MiKTeX\tex/generic/ltxcmds\ltxcmds.st
y
Package: ltxcmds 2023-12-04 v1.26 LaTeX kernel commands for general use (HO)
)
Package pdftexcmds Info: \pdf@primitive is available.
Package pdftexcmds Info: \pdf@ifprimitive is available.
Package pdftexcmds Info: \pdfdraftmode found.
))
\l__siunitx_table_tmp_box=\box60
\l__siunitx_table_tmp_dim=\dimen180
\l__siunitx_table_column_width_dim=\dimen181
\l__siunitx_table_integer_box=\box61
\l__siunitx_table_decimal_box=\box62
\l__siunitx_table_uncert_box=\box63
\l__siunitx_table_before_box=\box64
\l__siunitx_table_after_box=\box65
\l__siunitx_table_before_dim=\dimen182
\l__siunitx_table_carry_dim=\dimen183
\l__siunitx_unit_tmp_int=\count321
\l__siunitx_unit_position_int=\count322
\l__siunitx_unit_total_int=\count323
\l__siunitx_sexagesimal_tmp_dim=\dimen184
\l__siunitx_sexagesimal_marker_box=\box66
\l__siunitx_sexagesimal_unit_box=\box67
)
(C:\Users\Влад\AppData\Local\Programs\MiKTeX\tex/latex/textgreek\textgreek.
sty
Package: textgreek 2011/10/09 v0.7 Greek symbols in text
Package textgreek Info: Loading the definitions for the Greek fontencoding. on 
input line 39.

(C:\Users\Влад\AppData\Local\Programs\MiKTeX\tex/latex/greek-fontenc\lgrenc
.def
File: lgrenc.def 2023-09-12 2.5 LGR Greek font encoding definitions
Now handling font encoding LGR ...
... processing UTF-8 mapping file for font encoding LGR

(C:\Users\Влад\AppData\Local\Programs\MiKTeX\tex/latex/greek-inputenc\lgren
c.dfu
File: lgrenc.dfu 2023-03-21 1.9 UTF-8 support for Greek
   defining Unicode char U+00A8 (decimal 168)
   defining Unicode char U+00AB (decimal 171)
   defining Unicode char U+00AF (decimal 175)
   defining Unicode char U+00B4 (decimal 180)
   defining Unicode char U+00B7 (decimal 183)
   defining Unicode char U+00BB (decimal 187)
   defining Unicode char U+0259 (decimal 601)
   defining Unicode char U+02D8 (decimal 728)
   defining Unicode char U+0374 (decimal 884)
   defining Unicode char U+0375 (decimal 885)
   defining Unicode char U+037A (decimal 890)
   defining Unicode char U+037E (decimal 894)
   defining Unicode char U+0384 (decimal 900)
   defining Unicode char U+0385 (decimal 901)
   defining Unicode char U+0386 (decimal 902)
   defining Unicode char U+0387 (decimal 903)
   defining Unicode char U+0388 (decimal 904)
   defining Unicode char U+0389 (decimal 905)
   defining Unicode char U+038A (decimal 906)
   defining Unicode char U+038C (decimal 908)
   defining Unicode char U+038E (decimal 910)
   defining Unicode char U+038F (decimal 911)
   defining Unicode char U+0390 (decimal 912)
   defining Unicode char U+0391 (decimal 913)
   defining Unicode char U+0392 (decimal 914)
   defining Unicode char U+0393 (decimal 915)
   defining Unicode char U+0394 (decimal 916)
   defining Unicode char U+0395 (decimal 917)
   defining Unicode char U+0396 (decimal 918)
   defining Unicode char U+0397 (decimal 919)
   defining Unicode char U+0398 (decimal 920)
   defining Unicode char U+0399 (decimal 921)
   defining Unicode char U+039A (decimal 922)
   defining Unicode char U+039B (decimal 923)
   defining Unicode char U+039C (decimal 924)
   defining Unicode char U+039D (decimal 925)
   defining Unicode char U+039E (decimal 926)
   defining Unicode char U+039F (decimal 927)
   defining Unicode char U+03A0 (decimal 928)
   defining Unicode char U+03A1 (decimal 929)
   defining Unicode char U+03A3 (decimal 931)
   defining Unicode char U+03A4 (decimal 932)
   defining Unicode char U+03A5 (decimal 933)
   defining Unicode char U+03A6 (decimal 934)
   defining Unicode char U+03A7 (decimal 935)
   defining Unicode char U+03A8 (decimal 936)
   defining Unicode char U+03A9 (decimal 937)
   defining Unicode char U+03AA (decimal 938)
   defining Unicode char U+03AB (decimal 939)
   defining Unicode char U+03AC (decimal 940)
   defining Unicode char U+03AD (decimal 941)
   defining Unicode char U+03AE (decimal 942)
   defining Unicode char U+03AF (decimal 943)
   defining Unicode char U+03B0 (decimal 944)
   defining Unicode char U+03B1 (decimal 945)
   defining Unicode char U+03B2 (decimal 946)
   defining Unicode char U+03B3 (decimal 947)
   defining Unicode char U+03B4 (decimal 948)
   defining Unicode char U+03B5 (decimal 949)
   defining Unicode char U+03B6 (decimal 950)
   defining Unicode char U+03B7 (decimal 951)
   defining Unicode char U+03B8 (decimal 952)
   defining Unicode char U+03B9 (decimal 953)
   defining Unicode char U+03BA (decimal 954)
   defining Unicode char U+03BB (decimal 955)
   defining Unicode char U+03BC (decimal 956)
   defining Unicode char U+03BD (decimal 957)
   defining Unicode char U+03BE (decimal 958)
   defining Unicode char U+03BF (decimal 959)
   defining Unicode char U+03C0 (decimal 960)
   defining Unicode char U+03C1 (decimal 961)
   defining Unicode char U+03C2 (decimal 962)
   defining Unicode char U+03C3 (decimal 963)
   defining Unicode char U+03C4 (decimal 964)
   defining Unicode char U+03C5 (decimal 965)
   defining Unicode char U+03C6 (decimal 966)
   defining Unicode char U+03C7 (decimal 967)
   defining Unicode char U+03C8 (decimal 968)
   defining Unicode char U+03C9 (decimal 969)
   defining Unicode char U+03CA (decimal 970)
   defining Unicode char U+03CB (decimal 971)
   defining Unicode char U+03CC (decimal 972)
   defining Unicode char U+03CD (decimal 973)
   defining Unicode char U+03CE (decimal 974)
   defining Unicode char U+03D0 (decimal 976)
   defining Unicode char U+03D1 (decimal 977)
   defining Unicode char U+03D5 (decimal 981)
   defining Unicode char U+03D6 (decimal 982)
   defining Unicode char U+03D8 (decimal 984)
   defining Unicode char U+03D9 (decimal 985)
   defining Unicode char U+03DA (decimal 986)
   defining Unicode char U+03DB (decimal 987)
   defining Unicode char U+03DC (decimal 988)
   defining Unicode char U+03DD (decimal 989)
   defining Unicode char U+03DE (decimal 990)
   defining Unicode char U+03DF (decimal 991)
   defining Unicode char U+03E0 (decimal 992)
   defining Unicode char U+03E1 (decimal 993)
   defining Unicode char U+03F0 (decimal 1008)
   defining Unicode char U+03F1 (decimal 1009)
   defining Unicode char U+03F4 (decimal 1012)
   defining Unicode char U+03F5 (decimal 1013)
   defining Unicode char U+1F00 (decimal 7936)
   defining Unicode char U+1F01 (decimal 7937)
   defining Unicode char U+1F02 (decimal 7938)
   defining Unicode char U+1F03 (decimal 7939)
   defining Unicode char U+1F04 (decimal 7940)
   defining Unicode char U+1F05 (decimal 7941)
   defining Unicode char U+1F06 (decimal 7942)
   defining Unicode char U+1F07 (decimal 7943)
   defining Unicode char U+1F08 (decimal 7944)
   defining Unicode char U+1F09 (decimal 7945)
   defining Unicode char U+1F0A (decimal 7946)
   defining Unicode char U+1F0B (decimal 7947)
   defining Unicode char U+1F0C (decimal 7948)
   defining Unicode char U+1F0D (decimal 7949)
   defining Unicode char U+1F0E (decimal 7950)
   defining Unicode char U+1F0F (decimal 7951)
   defining Unicode char U+1F10 (decimal 7952)
   defining Unicode char U+1F11 (decimal 7953)
   defining Unicode char U+1F12 (decimal 7954)
   defining Unicode char U+1F13 (decimal 7955)
   defining Unicode char U+1F14 (decimal 7956)
   defining Unicode char U+1F15 (decimal 7957)
   defining Unicode char U+1F18 (decimal 7960)
   defining Unicode char U+1F19 (decimal 7961)
   defining Unicode char U+1F1A (decimal 7962)
   defining Unicode char U+1F1B (decimal 7963)
   defining Unicode char U+1F1C (decimal 7964)
   defining Unicode char U+1F1D (decimal 7965)
   defining Unicode char U+1F20 (decimal 7968)
   defining Unicode char U+1F21 (decimal 7969)
   defining Unicode char U+1F22 (decimal 7970)
   defining Unicode char U+1F23 (decimal 7971)
   defining Unicode char U+1F24 (decimal 7972)
   defining Unicode char U+1F25 (decimal 7973)
   defining Unicode char U+1F26 (decimal 7974)
   defining Unicode char U+1F27 (decimal 7975)
   defining Unicode char U+1F28 (decimal 7976)
   defining Unicode char U+1F29 (decimal 7977)
   defining Unicode char U+1F2A (decimal 7978)
   defining Unicode char U+1F2B (decimal 7979)
   defining Unicode char U+1F2C (decimal 7980)
   defining Unicode char U+1F2D (decimal 7981)
   defining Unicode char U+1F2E (decimal 7982)
   defining Unicode char U+1F2F (decimal 7983)
   defining Unicode char U+1F30 (decimal 7984)
   defining Unicode char U+1F31 (decimal 7985)
   defining Unicode char U+1F32 (decimal 7986)
   defining Unicode char U+1F33 (decimal 7987)
   defining Unicode char U+1F34 (decimal 7988)
   defining Unicode char U+1F35 (decimal 7989)
   defining Unicode char U+1F36 (decimal 7990)
   defining Unicode char U+1F37 (decimal 7991)
   defining Unicode char U+1F38 (decimal 7992)
   defining Unicode char U+1F39 (decimal 7993)
   defining Unicode char U+1F3A (decimal 7994)
   defining Unicode char U+1F3B (decimal 7995)
   defining Unicode char U+1F3C (decimal 7996)
   defining Unicode char U+1F3D (decimal 7997)
   defining Unicode char U+1F3E (decimal 7998)
   defining Unicode char U+1F3F (decimal 7999)
   defining Unicode char U+1F40 (decimal 8000)
   defining Unicode char U+1F41 (decimal 8001)
   defining Unicode char U+1F42 (decimal 8002)
   defining Unicode char U+1F43 (decimal 8003)
   defining Unicode char U+1F44 (decimal 8004)
   defining Unicode char U+1F45 (decimal 8005)
   defining Unicode char U+1F48 (decimal 8008)
   defining Unicode char U+1F49 (decimal 8009)
   defining Unicode char U+1F4A (decimal 8010)
   defining Unicode char U+1F4B (decimal 8011)
   defining Unicode char U+1F4C (decimal 8012)
   defining Unicode char U+1F4D (decimal 8013)
   defining Unicode char U+1F50 (decimal 8016)
   defining Unicode char U+1F51 (decimal 8017)
   defining Unicode char U+1F52 (decimal 8018)
   defining Unicode char U+1F53 (decimal 8019)
   defining Unicode char U+1F54 (decimal 8020)
   defining Unicode char U+1F55 (decimal 8021)
   defining Unicode char U+1F56 (decimal 8022)
   defining Unicode char U+1F57 (decimal 8023)
   defining Unicode char U+1F59 (decimal 8025)
   defining Unicode char U+1F5B (decimal 8027)
   defining Unicode char U+1F5D (decimal 8029)
   defining Unicode char U+1F5F (decimal 8031)
   defining Unicode char U+1F60 (decimal 8032)
   defining Unicode char U+1F61 (decimal 8033)
   defining Unicode char U+1F62 (decimal 8034)
   defining Unicode char U+1F63 (decimal 8035)
   defining Unicode char U+1F64 (decimal 8036)
   defining Unicode char U+1F65 (decimal 8037)
   defining Unicode char U+1F66 (decimal 8038)
   defining Unicode char U+1F67 (decimal 8039)
   defining Unicode char U+1F68 (decimal 8040)
   defining Unicode char U+1F69 (decimal 8041)
   defining Unicode char U+1F6A (decimal 8042)
   defining Unicode char U+1F6B (decimal 8043)
   defining Unicode char U+1F6C (decimal 8044)
   defining Unicode char U+1F6D (decimal 8045)
   defining Unicode char U+1F6E (decimal 8046)
   defining Unicode char U+1F6F (decimal 8047)
   defining Unicode char U+1F70 (decimal 8048)
   defining Unicode char U+1F71 (decimal 8049)
   defining Unicode char U+1F72 (decimal 8050)
   defining Unicode char U+1F73 (decimal 8051)
   defining Unicode char U+1F74 (decimal 8052)
   defining Unicode char U+1F75 (decimal 8053)
   defining Unicode char U+1F76 (decimal 8054)
   defining Unicode char U+1F77 (decimal 8055)
   defining Unicode char U+1F78 (decimal 8056)
   defining Unicode char U+1F79 (decimal 8057)
   defining Unicode char U+1F7A (decimal 8058)
   defining Unicode char U+1F7B (decimal 8059)
   defining Unicode char U+1F7C (decimal 8060)
   defining Unicode char U+1F7D (decimal 8061)
   defining Unicode char U+1F80 (decimal 8064)
   defining Unicode char U+1F81 (decimal 8065)
   defining Unicode char U+1F82 (decimal 8066)
   defining Unicode char U+1F83 (decimal 8067)
   defining Unicode char U+1F84 (decimal 8068)
   defining Unicode char U+1F85 (decimal 8069)
   defining Unicode char U+1F86 (decimal 8070)
   defining Unicode char U+1F87 (decimal 8071)
   defining Unicode char U+1F88 (decimal 8072)
   defining Unicode char U+1F89 (decimal 8073)
   defining Unicode char U+1F8A (decimal 8074)
   defining Unicode char U+1F8B (decimal 8075)
   defining Unicode char U+1F8C (decimal 8076)
   defining Unicode char U+1F8D (decimal 8077)
   defining Unicode char U+1F8E (decimal 8078)
   defining Unicode char U+1F8F (decimal 8079)
   defining Unicode char U+1F90 (decimal 8080)
   defining Unicode char U+1F91 (decimal 8081)
   defining Unicode char U+1F92 (decimal 8082)
   defining Unicode char U+1F93 (decimal 8083)
   defining Unicode char U+1F94 (decimal 8084)
   defining Unicode char U+1F95 (decimal 8085)
   defining Unicode char U+1F96 (decimal 8086)
   defining Unicode char U+1F97 (decimal 8087)
   defining Unicode char U+1F98 (decimal 8088)
   defining Unicode char U+1F99 (decimal 8089)
   defining Unicode char U+1F9A (decimal 8090)
   defining Unicode char U+1F9B (decimal 8091)
   defining Unicode char U+1F9C (decimal 8092)
   defining Unicode char U+1F9D (decimal 8093)
   defining Unicode char U+1F9E (decimal 8094)
   defining Unicode char U+1F9F (decimal 8095)
   defining Unicode char U+1FA0 (decimal 8096)
   defining Unicode char U+1FA1 (decimal 8097)
   defining Unicode char U+1FA2 (decimal 8098)
   defining Unicode char U+1FA3 (decimal 8099)
   defining Unicode char U+1FA4 (decimal 8100)
   defining Unicode char U+1FA5 (decimal 8101)
   defining Unicode char U+1FA6 (decimal 8102)
   defining Unicode char U+1FA7 (decimal 8103)
   defining Unicode char U+1FA8 (decimal 8104)
   defining Unicode char U+1FA9 (decimal 8105)
   defining Unicode char U+1FAA (decimal 8106)
   defining Unicode char U+1FAB (decimal 8107)
   defining Unicode char U+1FAC (decimal 8108)
   defining Unicode char U+1FAD (decimal 8109)
   defining Unicode char U+1FAE (decimal 8110)
   defining Unicode char U+1FAF (decimal 8111)
   defining Unicode char U+1FB0 (decimal 8112)
   defining Unicode char U+1FB1 (decimal 8113)
   defining Unicode char U+1FB2 (decimal 8114)
   defining Unicode char U+1FB3 (decimal 8115)
   defining Unicode char U+1FB4 (decimal 8116)
   defining Unicode char U+1FB6 (decimal 8118)
   defining Unicode char U+1FB7 (decimal 8119)
   defining Unicode char U+1FB8 (decimal 8120)
   defining Unicode char U+1FB9 (decimal 8121)
   defining Unicode char U+1FBA (decimal 8122)
   defining Unicode char U+1FBB (decimal 8123)
   defining Unicode char U+1FBC (decimal 8124)
   defining Unicode char U+1FBD (decimal 8125)
   defining Unicode char U+1FBE (decimal 8126)
   defining Unicode char U+1FBF (decimal 8127)
   defining Unicode char U+1FC0 (decimal 8128)
   defining Unicode char U+1FC1 (decimal 8129)
   defining Unicode char U+1FC2 (decimal 8130)
   defining Unicode char U+1FC3 (decimal 8131)
   defining Unicode char U+1FC4 (decimal 8132)
   defining Unicode char U+1FC6 (decimal 8134)
   defining Unicode char U+1FC7 (decimal 8135)
   defining Unicode char U+1FC8 (decimal 8136)
   defining Unicode char U+1FC9 (decimal 8137)
   defining Unicode char U+1FCA (decimal 8138)
   defining Unicode char U+1FCB (decimal 8139)
   defining Unicode char U+1FCC (decimal 8140)
   defining Unicode char U+1FCD (decimal 8141)
   defining Unicode char U+1FCE (decimal 8142)
   defining Unicode char U+1FCF (decimal 8143)
   defining Unicode char U+1FD0 (decimal 8144)
   defining Unicode char U+1FD1 (decimal 8145)
   defining Unicode char U+1FD2 (decimal 8146)
   defining Unicode char U+1FD3 (decimal 8147)
   defining Unicode char U+1FD6 (decimal 8150)
   defining Unicode char U+1FD7 (decimal 8151)
   defining Unicode char U+1FD8 (decimal 8152)
   defining Unicode char U+1FD9 (decimal 8153)
   defining Unicode char U+1FDA (decimal 8154)
   defining Unicode char U+1FDB (decimal 8155)
   defining Unicode char U+1FDD (decimal 8157)
   defining Unicode char U+1FDE (decimal 8158)
   defining Unicode char U+1FDF (decimal 8159)
   defining Unicode char U+1FE0 (decimal 8160)
   defining Unicode char U+1FE1 (decimal 8161)
   defining Unicode char U+1FE2 (decimal 8162)
   defining Unicode char U+1FE3 (decimal 8163)
   defining Unicode char U+1FE4 (decimal 8164)
   defining Unicode char U+1FE5 (decimal 8165)
   defining Unicode char U+1FE6 (decimal 8166)
   defining Unicode char U+1FE7 (decimal 8167)
   defining Unicode char U+1FE8 (decimal 8168)
   defining Unicode char U+1FE9 (decimal 8169)
   defining Unicode char U+1FEA (decimal 8170)
   defining Unicode char U+1FEB (decimal 8171)
   defining Unicode char U+1FEC (decimal 8172)
   defining Unicode char U+1FED (decimal 8173)
   defining Unicode char U+1FEE (decimal 8174)
   defining Unicode char U+1FEF (decimal 8175)
   defining Unicode char U+1FF2 (decimal 8178)
   defining Unicode char U+1FF3 (decimal 8179)
   defining Unicode char U+1FF4 (decimal 8180)
   defining Unicode char U+1FF6 (decimal 8182)
   defining Unicode char U+1FF7 (decimal 8183)
   defining Unicode char U+1FF8 (decimal 8184)
   defining Unicode char U+1FF9 (decimal 8185)
   defining Unicode char U+1FFA (decimal 8186)
   defining Unicode char U+1FFB (decimal 8187)
   defining Unicode char U+1FFC (decimal 8188)
   defining Unicode char U+1FFD (decimal 8189)
   defining Unicode char U+1FFE (decimal 8190)
   defining Unicode char U+2013 (decimal 8211)
   defining Unicode char U+2014 (decimal 8212)
   defining Unicode char U+2018 (decimal 8216)
   defining Unicode char U+2019 (decimal 8217)
   defining Unicode char U+201A (decimal 8218)
   defining Unicode char U+2030 (decimal 8240)
   defining Unicode char U+2039 (decimal 8249)
   defining Unicode char U+203A (decimal 8250)
   defining Unicode char U+20AC (decimal 8364)
   defining Unicode char U+2126 (decimal 8486)
   defining Unicode char U+10144 (decimal 65860)
   defining Unicode char U+10145 (decimal 65861)
   defining Unicode char U+10146 (decimal 65862)
   defining Unicode char U+10147 (decimal 65863)
)
(C:\Users\Влад\AppData\Local\Programs\MiKTeX\tex/latex/greek-fontenc\greek-
fontenc.def
File: greek-fontenc.def 2023-09-12 2.5 Common Greek font encoding definitions
LaTeX Encoding Info:    Ignoring declaration for text command \accACUTE (encodi
ng LGR) on input line 251.
LaTeX Encoding Info:    Ignoring declaration for text command \accGRAVE (encodi
ng LGR) on input line 259.
LaTeX Encoding Info:    Ignoring declaration for text command \accTILDE (encodi
ng LGR) on input line 267.
))
Package textgreek Info: Loaded fontmap: {eur/*/*}{U/eur/*/*} {phv/*/*}{U/psy/*/
*}. on input line 69.
)
(C:\Users\Влад\AppData\Local\Programs\MiKTeX\tex/latex/polynom\polynom.sty
Package: polynom 2017/07/17 0.19 (CH,HA)
\pld@currstage=\count324
)
(C:\Users\Влад\AppData\Local\Programs\MiKTeX\tex/latex/enumitem\enumitem.st
y
Package: enumitem 2025/02/06 v3.11 Customized lists
\labelindent=\skip59
\enit@outerparindent=\dimen185
\enit@toks=\toks32
\enit@inbox=\box68
\enit@count@id=\count325
\enitdp@description=\count326
)
(C:\Users\Влад\AppData\Local\Programs\MiKTeX\tex/latex/pgf/frontendlayer\ti
kz.sty
(C:\Users\Влад\AppData\Local\Programs\MiKTeX\tex/latex/pgf/basiclayer\pgf.s
ty
(C:\Users\Влад\AppData\Local\Programs\MiKTeX\tex/latex/pgf/utilities\pgfrcs
.sty
(C:\Users\Влад\AppData\Local\Programs\MiKTeX\tex/generic/pgf/utilities\pgfu
til-common.tex
\pgfutil@everybye=\toks33
\pgfutil@tempdima=\dimen186
\pgfutil@tempdimb=\dimen187
)
(C:\Users\Влад\AppData\Local\Programs\MiKTeX\tex/generic/pgf/utilities\pgfu
til-latex.def
\pgfutil@abb=\box69
)
(C:\Users\Влад\AppData\Local\Programs\MiKTeX\tex/generic/pgf/utilities\pgfr
cs.code.tex
(C:\Users\Влад\AppData\Local\Programs\MiKTeX\tex/generic/pgf\pgf.revision.t
ex)
Package: pgfrcs 2025-08-29 v3.1.11a (3.1.11a)
))
Package: pgf 2025-08-29 v3.1.11a (3.1.11a)

(C:\Users\Влад\AppData\Local\Programs\MiKTeX\tex/latex/pgf/basiclayer\pgfco
re.sty
(C:\Users\Влад\AppData\Local\Programs\MiKTeX\tex/latex/pgf/systemlayer\pgfs
ys.sty
(C:\Users\Влад\AppData\Local\Programs\MiKTeX\tex/generic/pgf/systemlayer\pg
fsys.code.tex
Package: pgfsys 2025-08-29 v3.1.11a (3.1.11a)

(C:\Users\Влад\AppData\Local\Programs\MiKTeX\tex/generic/pgf/utilities\pgfk
eys.code.tex
\pgfkeys@pathtoks=\toks34
\pgfkeys@temptoks=\toks35

(C:\Users\Влад\AppData\Local\Programs\MiKTeX\tex/generic/pgf/utilities\pgfk
eyslibraryfiltered.code.tex
\pgfkeys@tmptoks=\toks36
))
\pgf@x=\dimen188
\pgf@y=\dimen189
\pgf@xa=\dimen190
\pgf@ya=\dimen191
\pgf@xb=\dimen192
\pgf@yb=\dimen193
\pgf@xc=\dimen194
\pgf@yc=\dimen195
\pgf@xd=\dimen196
\pgf@yd=\dimen197
\w@pgf@writea=\write3
\r@pgf@reada=\read3
\c@pgf@counta=\count327
\c@pgf@countb=\count328
\c@pgf@countc=\count329
\c@pgf@countd=\count330
\t@pgf@toka=\toks37
\t@pgf@tokb=\toks38
\t@pgf@tokc=\toks39
\pgf@sys@id@count=\count331

(C:\Users\Влад\AppData\Local\Programs\MiKTeX\tex/generic/pgf/systemlayer\pg
f.cfg
File: pgf.cfg 2025-08-29 v3.1.11a (3.1.11a)
)
Driver file for pgf: pgfsys-pdftex.def

(C:\Users\Влад\AppData\Local\Programs\MiKTeX\tex/generic/pgf/systemlayer\pg
fsys-pdftex.def
File: pgfsys-pdftex.def 2025-08-29 v3.1.11a (3.1.11a)

(C:\Users\Влад\AppData\Local\Programs\MiKTeX\tex/generic/pgf/systemlayer\pg
fsys-common-pdf.def
File: pgfsys-common-pdf.def 2025-08-29 v3.1.11a (3.1.11a)
)))
(C:\Users\Влад\AppData\Local\Programs\MiKTeX\tex/generic/pgf/systemlayer\pg
fsyssoftpath.code.tex
File: pgfsyssoftpath.code.tex 2025-08-29 v3.1.11a (3.1.11a)
\pgfsyssoftpath@smallbuffer@items=\count332
\pgfsyssoftpath@bigbuffer@items=\count333
)
(C:\Users\Влад\AppData\Local\Programs\MiKTeX\tex/generic/pgf/systemlayer\pg
fsysprotocol.code.tex
File: pgfsysprotocol.code.tex 2025-08-29 v3.1.11a (3.1.11a)
))
(C:\Users\Влад\AppData\Local\Programs\MiKTeX\tex/latex/xcolor\xcolor.sty
Package: xcolor 2024/09/29 v3.02 LaTeX color extensions (UK)

(C:\Users\Влад\AppData\Local\Programs\MiKTeX\tex/latex/graphics-cfg\color.c
fg
File: color.cfg 2016/01/02 v1.6 sample color configuration
)
Package xcolor Info: Driver file: pdftex.def on input line 274.
LaTeX Info: Redefining \color on input line 762.

(C:\Users\Влад\AppData\Local\Programs\MiKTeX\tex/latex/graphics\mathcolor.l
tx)
Package xcolor Info: Model `cmy' substituted by `cmy0' on input line 1349.
Package xcolor Info: Model `hsb' substituted by `rgb' on input line 1353.
Package xcolor Info: Model `RGB' extended on input line 1365.
Package xcolor Info: Model `HTML' substituted by `rgb' on input line 1367.
Package xcolor Info: Model `Hsb' substituted by `hsb' on input line 1368.
Package xcolor Info: Model `tHsb' substituted by `hsb' on input line 1369.
Package xcolor Info: Model `HSB' substituted by `hsb' on input line 1370.
Package xcolor Info: Model `Gray' substituted by `gray' on input line 1371.
Package xcolor Info: Model `wave' substituted by `hsb' on input line 1372.
)
(C:\Users\Влад\AppData\Local\Programs\MiKTeX\tex/generic/pgf/basiclayer\pgf
core.code.tex
Package: pgfcore 2025-08-29 v3.1.11a (3.1.11a)

(C:\Users\Влад\AppData\Local\Programs\MiKTeX\tex/generic/pgf/math\pgfmath.c
ode.tex
(C:\Users\Влад\AppData\Local\Programs\MiKTeX\tex/generic/pgf/math\pgfmathut
il.code.tex)
(C:\Users\Влад\AppData\Local\Programs\MiKTeX\tex/generic/pgf/math\pgfmathpa
rser.code.tex
\pgfmath@dimen=\dimen198
\pgfmath@count=\count334
\pgfmath@box=\box70
\pgfmath@toks=\toks40
\pgfmath@stack@operand=\toks41
\pgfmath@stack@operation=\toks42
)
(C:\Users\Влад\AppData\Local\Programs\MiKTeX\tex/generic/pgf/math\pgfmathfu
nctions.code.tex)
(C:\Users\Влад\AppData\Local\Programs\MiKTeX\tex/generic/pgf/math\pgfmathfu
nctions.basic.code.tex)
(C:\Users\Влад\AppData\Local\Programs\MiKTeX\tex/generic/pgf/math\pgfmathfu
nctions.trigonometric.code.tex)
(C:\Users\Влад\AppData\Local\Programs\MiKTeX\tex/generic/pgf/math\pgfmathfu
nctions.random.code.tex)
(C:\Users\Влад\AppData\Local\Programs\MiKTeX\tex/generic/pgf/math\pgfmathfu
nctions.comparison.code.tex)
(C:\Users\Влад\AppData\Local\Programs\MiKTeX\tex/generic/pgf/math\pgfmathfu
nctions.base.code.tex)
(C:\Users\Влад\AppData\Local\Programs\MiKTeX\tex/generic/pgf/math\pgfmathfu
nctions.round.code.tex)
(C:\Users\Влад\AppData\Local\Programs\MiKTeX\tex/generic/pgf/math\pgfmathfu
nctions.misc.code.tex)
(C:\Users\Влад\AppData\Local\Programs\MiKTeX\tex/generic/pgf/math\pgfmathfu
nctions.integerarithmetics.code.tex)
(C:\Users\Влад\AppData\Local\Programs\MiKTeX\tex/generic/pgf/math\pgfmathca
lc.code.tex)
(C:\Users\Влад\AppData\Local\Programs\MiKTeX\tex/generic/pgf/math\pgfmathfl
oat.code.tex
\c@pgfmathroundto@lastzeros=\count335
))
(C:\Users\Влад\AppData\Local\Programs\MiKTeX\tex/generic/pgf/math\pgfint.co
de.tex)
(C:\Users\Влад\AppData\Local\Programs\MiKTeX\tex/generic/pgf/basiclayer\pgf
corepoints.code.tex
File: pgfcorepoints.code.tex 2025-08-29 v3.1.11a (3.1.11a)
\pgf@picminx=\dimen199
\pgf@picmaxx=\dimen256
\pgf@picminy=\dimen257
\pgf@picmaxy=\dimen258
\pgf@pathminx=\dimen259
\pgf@pathmaxx=\dimen260
\pgf@pathminy=\dimen261
\pgf@pathmaxy=\dimen262
\pgf@xx=\dimen263
\pgf@xy=\dimen264
\pgf@yx=\dimen265
\pgf@yy=\dimen266
\pgf@zx=\dimen267
\pgf@zy=\dimen268
)
(C:\Users\Влад\AppData\Local\Programs\MiKTeX\tex/generic/pgf/basiclayer\pgf
corepathconstruct.code.tex
File: pgfcorepathconstruct.code.tex 2025-08-29 v3.1.11a (3.1.11a)
\pgf@path@lastx=\dimen269
\pgf@path@lasty=\dimen270
)
(C:\Users\Влад\AppData\Local\Programs\MiKTeX\tex/generic/pgf/basiclayer\pgf
corepathusage.code.tex
File: pgfcorepathusage.code.tex 2025-08-29 v3.1.11a (3.1.11a)
\pgf@shorten@end@additional=\dimen271
\pgf@shorten@start@additional=\dimen272
)
(C:\Users\Влад\AppData\Local\Programs\MiKTeX\tex/generic/pgf/basiclayer\pgf
corescopes.code.tex
File: pgfcorescopes.code.tex 2025-08-29 v3.1.11a (3.1.11a)
\pgfpic=\box71
\pgf@hbox=\box72
\pgf@layerbox@main=\box73
\pgf@picture@serial@count=\count336
)
(C:\Users\Влад\AppData\Local\Programs\MiKTeX\tex/generic/pgf/basiclayer\pgf
coregraphicstate.code.tex
File: pgfcoregraphicstate.code.tex 2025-08-29 v3.1.11a (3.1.11a)
\pgflinewidth=\dimen273
)
(C:\Users\Влад\AppData\Local\Programs\MiKTeX\tex/generic/pgf/basiclayer\pgf
coretransformations.code.tex
File: pgfcoretransformations.code.tex 2025-08-29 v3.1.11a (3.1.11a)
\pgf@pt@x=\dimen274
\pgf@pt@y=\dimen275
\pgf@pt@temp=\dimen276
)
(C:\Users\Влад\AppData\Local\Programs\MiKTeX\tex/generic/pgf/basiclayer\pgf
corequick.code.tex
File: pgfcorequick.code.tex 2025-08-29 v3.1.11a (3.1.11a)
)
(C:\Users\Влад\AppData\Local\Programs\MiKTeX\tex/generic/pgf/basiclayer\pgf
coreobjects.code.tex
File: pgfcoreobjects.code.tex 2025-08-29 v3.1.11a (3.1.11a)
)
(C:\Users\Влад\AppData\Local\Programs\MiKTeX\tex/generic/pgf/basiclayer\pgf
corepathprocessing.code.tex
File: pgfcorepathprocessing.code.tex 2025-08-29 v3.1.11a (3.1.11a)
)
(C:\Users\Влад\AppData\Local\Programs\MiKTeX\tex/generic/pgf/basiclayer\pgf
corearrows.code.tex
File: pgfcorearrows.code.tex 2025-08-29 v3.1.11a (3.1.11a)
\pgfarrowsep=\dimen277
)
(C:\Users\Влад\AppData\Local\Programs\MiKTeX\tex/generic/pgf/basiclayer\pgf
coreshade.code.tex
File: pgfcoreshade.code.tex 2025-08-29 v3.1.11a (3.1.11a)
\pgf@max=\dimen278
\pgf@sys@shading@range@num=\count337
\pgf@shadingcount=\count338
)
(C:\Users\Влад\AppData\Local\Programs\MiKTeX\tex/generic/pgf/basiclayer\pgf
coreimage.code.tex
File: pgfcoreimage.code.tex 2025-08-29 v3.1.11a (3.1.11a)
)
(C:\Users\Влад\AppData\Local\Programs\MiKTeX\tex/generic/pgf/basiclayer\pgf
coreexternal.code.tex
File: pgfcoreexternal.code.tex 2025-08-29 v3.1.11a (3.1.11a)
\pgfexternal@startupbox=\box74
)
(C:\Users\Влад\AppData\Local\Programs\MiKTeX\tex/generic/pgf/basiclayer\pgf
corelayers.code.tex
File: pgfcorelayers.code.tex 2025-08-29 v3.1.11a (3.1.11a)
)
(C:\Users\Влад\AppData\Local\Programs\MiKTeX\tex/generic/pgf/basiclayer\pgf
coretransparency.code.tex
File: pgfcoretransparency.code.tex 2025-08-29 v3.1.11a (3.1.11a)
)
(C:\Users\Влад\AppData\Local\Programs\MiKTeX\tex/generic/pgf/basiclayer\pgf
corepatterns.code.tex
File: pgfcorepatterns.code.tex 2025-08-29 v3.1.11a (3.1.11a)
)
(C:\Users\Влад\AppData\Local\Programs\MiKTeX\tex/generic/pgf/basiclayer\pgf
corerdf.code.tex
File: pgfcorerdf.code.tex 2025-08-29 v3.1.11a (3.1.11a)
)))
(C:\Users\Влад\AppData\Local\Programs\MiKTeX\tex/generic/pgf/modules\pgfmod
uleshapes.code.tex
File: pgfmoduleshapes.code.tex 2025-08-29 v3.1.11a (3.1.11a)
\pgfnodeparttextbox=\box75
)
(C:\Users\Влад\AppData\Local\Programs\MiKTeX\tex/generic/pgf/modules\pgfmod
uleplot.code.tex
File: pgfmoduleplot.code.tex 2025-08-29 v3.1.11a (3.1.11a)
)
(C:\Users\Влад\AppData\Local\Programs\MiKTeX\tex/latex/pgf/compatibility\pg
fcomp-version-0-65.sty
Package: pgfcomp-version-0-65 2025-08-29 v3.1.11a (3.1.11a)
\pgf@nodesepstart=\dimen279
\pgf@nodesepend=\dimen280
)
(C:\Users\Влад\AppData\Local\Programs\MiKTeX\tex/latex/pgf/compatibility\pg
fcomp-version-1-18.sty
Package: pgfcomp-version-1-18 2025-08-29 v3.1.11a (3.1.11a)
))
(C:\Users\Влад\AppData\Local\Programs\MiKTeX\tex/latex/pgf/utilities\pgffor
.sty
(C:\Users\Влад\AppData\Local\Programs\MiKTeX\tex/latex/pgf/utilities\pgfkey
s.sty
(C:\Users\Влад\AppData\Local\Programs\MiKTeX\tex/generic/pgf/utilities\pgfk
eys.code.tex))
(C:\Users\Влад\AppData\Local\Programs\MiKTeX\tex/latex/pgf/math\pgfmath.sty

(C:\Users\Влад\AppData\Local\Programs\MiKTeX\tex/generic/pgf/math\pgfmath.c
ode.tex))
(C:\Users\Влад\AppData\Local\Programs\MiKTeX\tex/generic/pgf/utilities\pgff
or.code.tex
Package: pgffor 2025-08-29 v3.1.11a (3.1.11a)
\pgffor@iter=\dimen281
\pgffor@skip=\dimen282
\pgffor@stack=\toks43
\pgffor@toks=\toks44
))
(C:\Users\Влад\AppData\Local\Programs\MiKTeX\tex/generic/pgf/frontendlayer/
tikz\tikz.code.tex
Package: tikz 2025-08-29 v3.1.11a (3.1.11a)

(C:\Users\Влад\AppData\Local\Programs\MiKTeX\tex/generic/pgf/libraries\pgfl
ibraryplothandlers.code.tex
File: pgflibraryplothandlers.code.tex 2025-08-29 v3.1.11a (3.1.11a)
\pgf@plot@mark@count=\count339
\pgfplotmarksize=\dimen283
)
\tikz@lastx=\dimen284
\tikz@lasty=\dimen285
\tikz@lastxsaved=\dimen286
\tikz@lastysaved=\dimen287
\tikz@lastmovetox=\dimen288
\tikz@lastmovetoy=\dimen289
\tikzleveldistance=\dimen290
\tikzsiblingdistance=\dimen291
\tikz@figbox=\box76
\tikz@figbox@bg=\box77
\tikz@tempbox=\box78
\tikz@tempbox@bg=\box79
\tikztreelevel=\count340
\tikznumberofchildren=\count341
\tikznumberofcurrentchild=\count342
\tikz@fig@count=\count343

(C:\Users\Влад\AppData\Local\Programs\MiKTeX\tex/generic/pgf/modules\pgfmod
ulematrix.code.tex
File: pgfmodulematrix.code.tex 2025-08-29 v3.1.11a (3.1.11a)
\pgfmatrixcurrentrow=\count344
\pgfmatrixcurrentcolumn=\count345
\pgf@matrix@numberofcolumns=\count346
)
\tikz@expandcount=\count347

(C:\Users\Влад\AppData\Local\Programs\MiKTeX\tex/generic/pgf/frontendlayer/
tikz/libraries\tikzlibrarytopaths.code.tex
File: tikzlibrarytopaths.code.tex 2025-08-29 v3.1.11a (3.1.11a)
)))
(C:\Users\Влад\AppData\Local\Programs\MiKTeX\tex/latex/pgfplots\pgfplots.st
y
(C:\Users\Влад\AppData\Local\Programs\MiKTeX\tex/generic/pgfplots\pgfplots.
revision.tex)
Package: pgfplots 2021/05/15 v1.18.1 Data Visualization (1.18.1)

(C:\Users\Влад\AppData\Local\Programs\MiKTeX\tex/generic/pgfplots\pgfplots.
code.tex
(C:\Users\Влад\AppData\Local\Programs\MiKTeX\tex/generic/pgfplots\pgfplotsc
ore.code.tex
\t@pgfplots@toka=\toks45
\t@pgfplots@tokb=\toks46
\t@pgfplots@tokc=\toks47
\pgfplots@tmpa=\dimen292
\c@pgfplots@coordindex=\count348
\c@pgfplots@scanlineindex=\count349

(C:\Users\Влад\AppData\Local\Programs\MiKTeX\tex/generic/pgfplots/sys\pgfpl
otssysgeneric.code.tex))
(C:\Users\Влад\AppData\Local\Programs\MiKTeX\tex/generic/pgfplots/libs\pgfp
lotslibrary.code.tex)
(C:\Users\Влад\AppData\Local\Programs\MiKTeX\tex/generic/pgfplots/oldpgfcom
patib\pgfplotsoldpgfsupp_loader.code.tex
(C:\Users\Влад\AppData\Local\Programs\MiKTeX\tex/generic/pgf/libraries\pgfl
ibraryfpu.code.tex)
Package pgfplots: loading complementary utilities for your pgf version...
\t@pgf@toka=\toks48
\t@pgf@tokb=\toks49
\t@pgf@tokc=\toks50

(C:\Users\Влад\AppData\Local\Programs\MiKTeX\tex/generic/pgfplots/oldpgfcom
patib\pgfplotsoldpgfsupp_pgfutil-common-lists.tex))
(C:\Users\Влад\AppData\Local\Programs\MiKTeX\tex/generic/pgfplots/util\pgfp
lotsutil.code.tex
(C:\Users\Влад\AppData\Local\Programs\MiKTeX\tex/generic/pgfplots/liststruc
ture\pgfplotsliststructure.code.tex)
(C:\Users\Влад\AppData\Local\Programs\MiKTeX\tex/generic/pgfplots/liststruc
ture\pgfplotsliststructureext.code.tex)
(C:\Users\Влад\AppData\Local\Programs\MiKTeX\tex/generic/pgfplots/liststruc
ture\pgfplotsarray.code.tex
\c@pgfplotsarray@tmp=\count350
)
(C:\Users\Влад\AppData\Local\Programs\MiKTeX\tex/generic/pgfplots/liststruc
ture\pgfplotsmatrix.code.tex)
(C:\Users\Влад\AppData\Local\Programs\MiKTeX\tex/generic/pgfplots/numtable\
pgfplotstableshared.code.tex
\c@pgfplotstable@counta=\count351
\t@pgfplotstable@a=\toks51
)
(C:\Users\Влад\AppData\Local\Programs\MiKTeX\tex/generic/pgfplots/liststruc
ture\pgfplotsdeque.code.tex)
(C:\Users\Влад\AppData\Local\Programs\MiKTeX\tex/generic/pgfplots/util\pgfp
lotsbinary.code.tex
(C:\Users\Влад\AppData\Local\Programs\MiKTeX\tex/generic/pgfplots/util\pgfp
lotsbinary.data.code.tex))
(C:\Users\Влад\AppData\Local\Programs\MiKTeX\tex/generic/pgfplots/util\pgfp
lotsutil.verb.code.tex)
(C:\Users\Влад\AppData\Local\Programs\MiKTeX\tex/generic/pgfplots/libs\pgfl
ibrarypgfplots.surfshading.code.tex
\c@pgfplotslibrarysurf@no=\count352

(C:\Users\Влад\AppData\Local\Programs\MiKTeX\tex/generic/pgfplots/sys\pgfli
brarypgfplots.surfshading.pgfsys-pdftex.def)))
(C:\Users\Влад\AppData\Local\Programs\MiKTeX\tex/generic/pgfplots/util\pgfp
lotscolormap.code.tex
(C:\Users\Влад\AppData\Local\Programs\MiKTeX\tex/generic/pgfplots/util\pgfp
lotscolor.code.tex))
(C:\Users\Влад\AppData\Local\Programs\MiKTeX\tex/generic/pgfplots\pgfplotss
tackedplots.code.tex)
(C:\Users\Влад\AppData\Local\Programs\MiKTeX\tex/generic/pgfplots\pgfplotsp
lothandlers.code.tex
(C:\Users\Влад\AppData\Local\Programs\MiKTeX\tex/generic/pgfplots\pgfplotsm
eshplothandler.code.tex
(C:\Users\Влад\AppData\Local\Programs\MiKTeX\tex/generic/pgfplots\pgfplotsm
eshplotimage.code.tex)))
(C:\Users\Влад\AppData\Local\Programs\MiKTeX\tex/generic/pgfplots\pgfplots.
scaling.code.tex)
(C:\Users\Влад\AppData\Local\Programs\MiKTeX\tex/generic/pgfplots\pgfplotsc
oordprocessing.code.tex)
(C:\Users\Влад\AppData\Local\Programs\MiKTeX\tex/generic/pgfplots\pgfplots.
errorbars.code.tex)
(C:\Users\Влад\AppData\Local\Programs\MiKTeX\tex/generic/pgfplots\pgfplots.
markers.code.tex)
(C:\Users\Влад\AppData\Local\Programs\MiKTeX\tex/generic/pgfplots\pgfplotst
icks.code.tex)
(C:\Users\Влад\AppData\Local\Programs\MiKTeX\tex/generic/pgfplots\pgfplots.
paths.code.tex)
(C:\Users\Влад\AppData\Local\Programs\MiKTeX\tex/generic/pgf/frontendlayer/
tikz/libraries\tikzlibrarydecorations.code.tex
(C:\Users\Влад\AppData\Local\Programs\MiKTeX\tex/generic/pgf/modules\pgfmod
uledecorations.code.tex
\pgfdecoratedcompleteddistance=\dimen293
\pgfdecoratedremainingdistance=\dimen294
\pgfdecoratedinputsegmentcompleteddistance=\dimen295
\pgfdecoratedinputsegmentremainingdistance=\dimen296
\pgf@decorate@distancetomove=\dimen297
\pgf@decorate@repeatstate=\count353
\pgfdecorationsegmentamplitude=\dimen298
\pgfdecorationsegmentlength=\dimen299
)
\tikz@lib@dec@box=\box80
)
(C:\Users\Влад\AppData\Local\Programs\MiKTeX\tex/generic/pgf/frontendlayer/
tikz/libraries\tikzlibrarydecorations.pathmorphing.code.tex
(C:\Users\Влад\AppData\Local\Programs\MiKTeX\tex/generic/pgf/libraries/deco
rations\pgflibrarydecorations.pathmorphing.code.tex))
(C:\Users\Влад\AppData\Local\Programs\MiKTeX\tex/generic/pgf/frontendlayer/
tikz/libraries\tikzlibrarydecorations.pathreplacing.code.tex
(C:\Users\Влад\AppData\Local\Programs\MiKTeX\tex/generic/pgf/libraries/deco
rations\pgflibrarydecorations.pathreplacing.code.tex))
(C:\Users\Влад\AppData\Local\Programs\MiKTeX\tex/generic/pgfplots/libs\tikz
librarypgfplots.contourlua.code.tex)
\pgfplots@numplots=\count354
\pgfplots@xmin@reg=\dimen300
\pgfplots@xmax@reg=\dimen301
\pgfplots@ymin@reg=\dimen302
\pgfplots@ymax@reg=\dimen303
\pgfplots@zmin@reg=\dimen304
\pgfplots@zmax@reg=\dimen305
)
(C:\Users\Влад\AppData\Local\Programs\MiKTeX\tex/generic/pgf/frontendlayer/
tikz/libraries\tikzlibraryplotmarks.code.tex
File: tikzlibraryplotmarks.code.tex 2025-08-29 v3.1.11a (3.1.11a)

(C:\Users\Влад\AppData\Local\Programs\MiKTeX\tex/generic/pgf/libraries\pgfl
ibraryplotmarks.code.tex
File: pgflibraryplotmarks.code.tex 2025-08-29 v3.1.11a (3.1.11a)
)))
(C:\Users\Влад\AppData\Local\Programs\MiKTeX\tex/latex/tkz-euclide\tkz-eucl
ide.sty
2026/01/25 5.13c tkz-euclide.sty
Package: tkz-euclide  2026/01/25 5.13c for pure Euclidean Geometry 

(C:\Users\Влад\AppData\Local\Programs\MiKTeX\tex/generic/pgf/frontendlayer/
tikz/libraries\tikzlibraryangles.code.tex
File: tikzlibraryangles.code.tex 2025-08-29 v3.1.11a (3.1.11a)
)
(C:\Users\Влад\AppData\Local\Programs\MiKTeX\tex/generic/pgf/frontendlayer/
tikz/libraries\tikzlibraryarrows.code.tex
File: tikzlibraryarrows.code.tex 2025-08-29 v3.1.11a (3.1.11a)

(C:\Users\Влад\AppData\Local\Programs\MiKTeX\tex/generic/pgf/libraries\pgfl
ibraryarrows.code.tex
File: pgflibraryarrows.code.tex 2025-08-29 v3.1.11a (3.1.11a)
\arrowsize=\dimen306
))
(C:\Users\Влад\AppData\Local\Programs\MiKTeX\tex/generic/pgf/libraries\pgfl
ibraryarrows.meta.code.tex
File: pgflibraryarrows.meta.code.tex 2025-08-29 v3.1.11a (3.1.11a)
\pgfarrowinset=\dimen307
\pgfarrowlength=\dimen308
\pgfarrowwidth=\dimen309
\pgfarrowlinewidth=\dimen310
)
(C:\Users\Влад\AppData\Local\Programs\MiKTeX\tex/generic/pgf/frontendlayer/
tikz/libraries\tikzlibrarybackgrounds.code.tex
File: tikzlibrarybackgrounds.code.tex 2025-08-29 v3.1.11a (3.1.11a)
\pgf@layerbox@background=\box81
\pgf@layerboxsaved@background=\box82
)
(C:\Users\Влад\AppData\Local\Programs\MiKTeX\tex/generic/pgf/frontendlayer/
tikz/libraries\tikzlibrarycalc.code.tex
File: tikzlibrarycalc.code.tex 2025-08-29 v3.1.11a (3.1.11a)
)
(C:\Users\Влад\AppData\Local\Programs\MiKTeX\tex/generic/pgf/frontendlayer/
tikz/libraries\tikzlibrarydecorations.markings.code.tex
(C:\Users\Влад\AppData\Local\Programs\MiKTeX\tex/generic/pgf/libraries/deco
rations\pgflibrarydecorations.markings.code.tex))
(C:\Users\Влад\AppData\Local\Programs\MiKTeX\tex/generic/pgf/frontendlayer/
tikz/libraries\tikzlibrarydecorations.shapes.code.tex
(C:\Users\Влад\AppData\Local\Programs\MiKTeX\tex/generic/pgf/libraries/deco
rations\pgflibrarydecorations.shapes.code.tex))
(C:\Users\Влад\AppData\Local\Programs\MiKTeX\tex/generic/pgf/frontendlayer/
tikz/libraries\tikzlibrarydecorations.text.code.tex
(C:\Users\Влад\AppData\Local\Programs\MiKTeX\tex/generic/pgf/libraries/deco
rations\pgflibrarydecorations.text.code.tex
\pgf@lib@dec@text@box=\box83
)
\tikz@lib@dec@te@box=\box84
)
(C:\Users\Влад\AppData\Local\Programs\MiKTeX\tex/generic/pgf/frontendlayer/
tikz/libraries\tikzlibraryintersections.code.tex
(C:\Users\Влад\AppData\Local\Programs\MiKTeX\tex/generic/pgf/libraries\pgfl
ibraryintersections.code.tex
\pgf@intersect@solutions=\count355
))
(C:\Users\Влад\AppData\Local\Programs\MiKTeX\tex/generic/pgf/frontendlayer/
tikz/libraries\tikzlibrarymath.code.tex
(C:\Users\Влад\AppData\Local\Programs\MiKTeX\tex/generic/pgf/frontendlayer/
tikz/libraries\tikzlibraryfpu.code.tex)
\tikz@math@for@depth=\count356
\tikz@math@dimen=\dimen311
\tikz@math@toks=\toks52
)
(C:\Users\Влад\AppData\Local\Programs\MiKTeX\tex/generic/pgf/frontendlayer/
tikz/libraries\tikzlibrarypositioning.code.tex
File: tikzlibrarypositioning.code.tex 2025-08-29 v3.1.11a (3.1.11a)
)
(C:\Users\Влад\AppData\Local\Programs\MiKTeX\tex/generic/pgf/frontendlayer/
tikz/libraries\tikzlibraryquotes.code.tex
File: tikzlibraryquotes.code.tex 2025-08-29 v3.1.11a (3.1.11a)
)
(C:\Users\Влад\AppData\Local\Programs\MiKTeX\tex/generic/pgf/frontendlayer/
tikz/libraries\tikzlibraryshapes.misc.code.tex
File: tikzlibraryshapes.misc.code.tex 2025-08-29 v3.1.11a (3.1.11a)

(C:\Users\Влад\AppData\Local\Programs\MiKTeX\tex/generic/pgf/libraries/shap
es\pgflibraryshapes.misc.code.tex
File: pgflibraryshapes.misc.code.tex 2025-08-29 v3.1.11a (3.1.11a)
))
(C:\Users\Влад\AppData\Local\Programs\MiKTeX\tex/generic/pgf/frontendlayer/
tikz/libraries\tikzlibrarythrough.code.tex
File: tikzlibrarythrough.code.tex 2025-08-29 v3.1.11a (3.1.11a)
)
(C:\Users\Влад\AppData\Local\Programs\MiKTeX\tex/latex/l3packages/xfp\xfp.s
ty
(C:\Users\Влад\AppData\Local\Programs\MiKTeX\tex/latex/l3kernel\expl3.sty
Package: expl3 2025-12-24 L3 programming layer (loader) 

(C:\Users\Влад\AppData\Local\Programs\MiKTeX\tex/latex/l3backend\l3backend-
pdftex.def
File: l3backend-pdftex.def 2025-10-09 L3 backend support: PDF output (pdfTeX)
\l__color_backend_stack_int=\count357
))
Package: xfp 2025-10-09 L3 Floating point unit
)
(C:\Users\Влад\AppData\Local\Programs\MiKTeX\tex/latex/xpatch\xpatch.sty
Package: xpatch 2020/03/25 v0.3a Extending etoolbox patching commands

(C:\Users\Влад\AppData\Local\Programs\MiKTeX\tex/latex/l3packages/xparse\xp
arse.sty
Package: xparse 2025-10-09 L3 Experimental document command parser
))
\tkzRadius=\dimen312
\tkzLength=\dimen313
\tkz@radi=\dimen314
\tkz@ax=\dimen315
\tkz@ay=\dimen316
\tkz@bx=\dimen317
\tkz@by=\dimen318
\tkz@cx=\dimen319
\tkz@cy=\dimen320
\tkz@dx=\dimen321
\tkz@dy=\dimen322
\tkz@cntmk=\count358

Local configuration file tkz-euclide.cfg found and used

(C:\Users\Влад\AppData\Local\Programs\MiKTeX\tex/latex/tkz-euclide\tkz-eucl
ide.cfg
2026/01/25 5.13c tkz-euclide.cfg
)
(C:\Users\Влад\AppData\Local\Programs\MiKTeX\tex/latex/tkz-euclide/tools\tk
z-tools-eu-base.tex
2026/01/25 5.13c tkz-tools-eu-base.tex
)
(C:\Users\Влад\AppData\Local\Programs\MiKTeX\tex/latex/tkz-euclide/tools\tk
z-tools-eu-utilities.tex
2026/01/25 5.13c tkz-tools-eu-utilities.tex
)
(C:\Users\Влад\AppData\Local\Programs\MiKTeX\tex/latex/tkz-euclide/tools\tk
z-tools-eu-BB.tex
2026/01/25 5.13c tkz-obj-eu-BB.tex
)
(C:\Users\Влад\AppData\Local\Programs\MiKTeX\tex/latex/tkz-euclide/obj\tkz-
obj-eu-grids.tex
2026/01/25 5.13c tkz-obj-eu-grids.tex
)
(C:\Users\Влад\AppData\Local\Programs\MiKTeX\tex/latex/tkz-euclide/libs\tkz
-lib-eu-marks.tex
2026/01/25 5.13c tkz-lib-eu-marks.tex
)
(C:\Users\Влад\AppData\Local\Programs\MiKTeX\tex/latex/tkz-euclide/tools\tk
z-tools-eu-text.tex
2026/01/25 5.13c tkz-tools-eu-text.tex
)
(C:\Users\Влад\AppData\Local\Programs\MiKTeX\tex/latex/tkz-euclide/libs\tkz
-lib-eu-shape.tex
2026/01/25 5.13c tkz-lib-eu-shape.tex
)
(C:\Users\Влад\AppData\Local\Programs\MiKTeX\tex/latex/tkz-euclide/obj\tkz-
obj-eu-axesmin.tex
2026/01/25 5.13c tkz-obj-eu-axesmin
)
(C:\Users\Влад\AppData\Local\Programs\MiKTeX\tex/latex/tkz-euclide/tools\tk
z-tools-eu-colors.tex
2026/01/25 5.13c tkz-tools-eu-colors
)
(C:\Users\Влад\AppData\Local\Programs\MiKTeX\tex/latex/tkz-euclide/obj\tkz-
obj-eu-points.tex
2026/01/25 5.13c tkz-obj-eu-points.tex
)
(C:\Users\Влад\AppData\Local\Programs\MiKTeX\tex/latex/tkz-euclide/drawings
\tkz-draw-eu-points.tex
2026/01/25 5.13c tkz-draw-eu-points.tex
)
(C:\Users\Влад\AppData\Local\Programs\MiKTeX\tex/latex/tkz-euclide/obj\tkz-
obj-eu-points.tex
2026/01/25 5.13c tkz-obj-eu-points.tex
)
(C:\Users\Влад\AppData\Local\Programs\MiKTeX\tex/latex/tkz-euclide/obj\tkz-
obj-eu-points-by.tex
2026/01/25 5.13c tkz-tools-eu-points-by.tex
)
(C:\Users\Влад\AppData\Local\Programs\MiKTeX\tex/latex/tkz-euclide/tools\tk
z-tools-eu-math.tex
2026/01/25 5.13c tkz-tools-eu-math.tex
)
(C:\Users\Влад\AppData\Local\Programs\MiKTeX\tex/latex/tkz-euclide/tools\tk
z-tools-eu-intersections.tex
2026/01/25 5.13c tkz-tools-eu-intersections.tex
)
(C:\Users\Влад\AppData\Local\Programs\MiKTeX\tex/latex/tkz-euclide/obj\tkz-
obj-eu-points-with.tex
2026/01/25 5.13c tkz-obj-eu-points-with.tex
)
(C:\Users\Влад\AppData\Local\Programs\MiKTeX\tex/latex/tkz-euclide/obj\tkz-
obj-eu-points-spc.tex
2026/01/25 5.13c tkz-obj-el-points.tex
)
(C:\Users\Влад\AppData\Local\Programs\MiKTeX\tex/latex/tkz-euclide/tools\tk
z-tools-eu-angles.tex
2026/01/25 5.13c tkz-tools-eu-angles.tex
)
(C:\Users\Влад\AppData\Local\Programs\MiKTeX\tex/latex/tkz-euclide/obj\tkz-
obj-eu-circles.tex
2026/01/25 5.13c tkz-obj-eu-circles.tex
)
(C:\Users\Влад\AppData\Local\Programs\MiKTeX\tex/latex/tkz-euclide/obj\tkz-
obj-eu-circles-by.tex
2026/01/25 5.13c tkz-obj-eu-circles.tex
)
(C:\Users\Влад\AppData\Local\Programs\MiKTeX\tex/latex/tkz-euclide/obj\tkz-
obj-eu-points-rnd.tex
2026/01/25 5.13c tkz-obj-eu-points-rnd.tex
)
(C:\Users\Влад\AppData\Local\Programs\MiKTeX\tex/latex/tkz-euclide/obj\tkz-
obj-eu-lines.tex
2026/01/25 5.13c tkz-obj-eu-lines.tex
)
(C:\Users\Влад\AppData\Local\Programs\MiKTeX\tex/latex/tkz-euclide/obj\tkz-
obj-eu-polygons.tex
2026/01/25 5.13c tkz-obj-eu-polygons.tex
)
(C:\Users\Влад\AppData\Local\Programs\MiKTeX\tex/latex/tkz-euclide/obj\tkz-
obj-eu-triangles.tex
2026/01/25 5.13c tkz-obj-eu-triangles.tex
)
(C:\Users\Влад\AppData\Local\Programs\MiKTeX\tex/latex/tkz-euclide/drawings
\tkz-draw-eu-lines.tex
2026/01/25 5.13c tkz-obj-eu-draw-lines.tex
)
(C:\Users\Влад\AppData\Local\Programs\MiKTeX\tex/latex/tkz-euclide/drawings
\tkz-draw-eu-circles.tex
2026/01/25 5.13c tkz-obj-eu-draw-circles.tex
)
(C:\Users\Влад\AppData\Local\Programs\MiKTeX\tex/latex/tkz-euclide/drawings
\tkz-draw-eu-ellipses.tex
2026/01/25 5.13c tkz-obj-eu-draw-ellipses.tex
)
(C:\Users\Влад\AppData\Local\Programs\MiKTeX\tex/latex/tkz-euclide/drawings
\tkz-draw-eu-polygons.tex
2026/01/25 5.13c tkz-obj-eu-polygons.tex
)
(C:\Users\Влад\AppData\Local\Programs\MiKTeX\tex/latex/tkz-euclide/drawings
\tkz-draw-eu-arcs.tex
2026/01/25 5.13c tkz-tool-eu-arcs.tex
)
(C:\Users\Влад\AppData\Local\Programs\MiKTeX\tex/latex/tkz-euclide/drawings
\tkz-draw-eu-angles.tex
2026/01/25 5.13c tkz-tool-eu-angles.tex
)
(C:\Users\Влад\AppData\Local\Programs\MiKTeX\tex/latex/tkz-euclide/drawings
\tkz-draw-eu-sectors.tex
2026/01/25 5.13c tkz-obj-eu-sectors.tex
)
(C:\Users\Влад\AppData\Local\Programs\MiKTeX\tex/latex/tkz-euclide/drawings
\tkz-draw-eu-compass.tex
2026/01/25 5.13c tkz-obj-eu-compass.tex
)
(C:\Users\Влад\AppData\Local\Programs\MiKTeX\tex/latex/tkz-euclide/drawings
\tkz-draw-eu-show.tex
2026/01/25 5.13c tkz-obj-eu-show.tex
)
(C:\Users\Влад\AppData\Local\Programs\MiKTeX\tex/latex/tkz-euclide/drawings
\tkz-draw-eu-protractor.tex
2026/01/25 5.13c tkz-obj-eu-protractor.tex
))
(C:\Users\Влад\AppData\Local\Programs\MiKTeX\tex/latex/tikz-3dplot\tikz-3dp
lot.sty
(C:\Users\Влад\AppData\Local\Programs\MiKTeX\tex/latex/base\ifthen.sty
Package: ifthen 2024/03/16 v1.1e Standard LaTeX ifthen package (DPC)
)
(C:\Users\Влад\AppData\Local\Programs\MiKTeX\tex/generic/pgf/frontendlayer/
tikz/libraries\tikzlibrary3d.code.tex
File: tikzlibrary3d.code.tex 2025-08-29 v3.1.11a (3.1.11a)
))
(C:\Users\Влад\AppData\Local\Programs\MiKTeX\tex/latex/pst-eucl\pst-eucl.st
y
(C:\Users\Влад\AppData\Local\Programs\MiKTeX\tex/latex/pstricks\pstricks.st
y
Package: pstricks 2024/02/02 v0.75 LaTeX wrapper for `PSTricks' (RN,HV)

(C:\Users\Влад\AppData\Local\Programs\MiKTeX\tex/generic/xkeyval\pst-xkey.t
ex
File: pst-xkey.tex 2005/11/25 v1.6 PSTricks specialization of xkeyval (HA)

(C:\Users\Влад\AppData\Local\Programs\MiKTeX\tex/latex/xkeyval\xkeyval.sty
Package: xkeyval 2022/06/16 v2.9 package option processing (HA)

(C:\Users\Влад\AppData\Local\Programs\MiKTeX\tex/generic/xkeyval\xkeyval.te
x
(C:\Users\Влад\AppData\Local\Programs\MiKTeX\tex/generic/xkeyval\xkvutils.t
ex
\XKV@toks=\toks53
\XKV@tempa@toks=\toks54
)
\XKV@depth=\count359
File: xkeyval.tex 2014/12/03 v2.7a key=value parser (HA)
)))
(C:\Users\Влад\AppData\Local\Programs\MiKTeX\tex/generic/pstricks\pstricks.
tex
(C:\Users\Влад\AppData\Local\Programs\MiKTeX\tex/generic/pstricks\pst-fp.te
x `pst-fp' v0.06, 2020/11/20 (hv)
\pstFP@xs=\count360
\pstFP@xia=\count361
\pstFP@xib=\count362
\pstFP@xfa=\count363
\pstFP@xfb=\count364
\pstFP@rega=\count365
\pstFP@regb=\count366
\pstFP@regs=\count367
\pstFP@times=\count368
)
\psLoopIndex=\count369

`PSTricks' v3.22A  <2025/12/13> (tvz,hv)
\pst@dima=\dimen323
\pst@dimb=\dimen324
\pst@dimc=\dimen325
\pst@dimd=\dimen326
\pst@dimg=\dimen327
\pst@dimh=\dimen328
\pst@dimm=\dimen329
\pst@dimn=\dimen330
\pst@dimo=\dimen331
\pst@dimp=\dimen332
\pst@hbox=\box85
\pst@ibox=\box86
\pst@boxg=\box87
\pst@cnta=\count370
\pst@cntb=\count371
\pst@cntc=\count372
\pst@cntd=\count373
\pst@cntg=\count374
\pst@cnth=\count375
\pst@cntm=\count376
\pst@cntn=\count377
\pst@cnto=\count378
\pst@cntp=\count379
\@zero=\count380
\pst@toks=\toks55
--- We are running latex or xelatex ---

(C:\Users\Влад\AppData\Local\Programs\MiKTeX\tex/generic/pstricks\pstricks.
con)
(C:\Users\Влад\AppData\Local\Programs\MiKTeX\tex/generic/pstricks\pstricks-
color.tex)
\psunit=\dimen333
\psxunit=\dimen334
\psyunit=\dimen335
\pst@C@@rType=\count381
\pslinewidth=\dimen336
\psk@startLW=\dimen337
\psk@endLW=\dimen338

(C:\Users\Влад\AppData\Local\Programs\MiKTeX\tex/generic/pstricks\pstricks-
arrows.tex
\pshooklength=\dimen339
\pshookwidth=\dimen340
)
\pst@customdefs=\toks56

(C:\Users\Влад\AppData\Local\Programs\MiKTeX\tex/generic/pstricks\pstricks-
dots.tex)
\pslinearc=\dimen341
\pst@symbolStep=\dimen342
\pst@symbolWidth=\dimen343
\pst@symbolLinewidth=\dimen344

(C:\Users\Влад\AppData\Local\Programs\MiKTeX\tex/generic/pstricks\pst-code-
grid.tex)
(C:\Users\Влад\AppData\Local\Programs\MiKTeX\tex/generic/pstricks\pst-code-
box.tex
\everypsbox=\toks57
\psframesep=\dimen345
)
(C:\Users\Влад\AppData\Local\Programs\MiKTeX\tex/generic/pstricks\pst-code-
arc.tex)
(C:\Users\Влад\AppData\Local\Programs\MiKTeX\tex/generic/pstricks\pst-code-
circle_ellipse.tex)
(C:\Users\Влад\AppData\Local\Programs\MiKTeX\tex/generic/pstricks\pst-code-
ref_rot.tex)
(C:\Users\Влад\AppData\Local\Programs\MiKTeX\tex/generic/pstricks\pst-code-
put.tex
\pslabelsep=\dimen346
)
(C:\Users\Влад\AppData\Local\Programs\MiKTeX\tex/generic/pstricks\pst-code-
pspicture.tex
\sh@wgridXunit=\dimen347
\sh@wgridYunit=\dimen348
\pst@shift=\dimen349
\ps@imagectr=\count382
)
(C:\Users\Влад\AppData\Local\Programs\MiKTeX\tex/generic/pstricks\pstricks.
con))
File: pstricks.tex 2025/12/13 v3.22A `PSTricks' (tvz,hv)

(C:\Users\Влад\AppData\Local\Programs\MiKTeX\tex/generic/pstricks\pst-fp.te
x `pst-fp' v0.06, 2020/11/20 (hv))
File: pst-fp.tex 2020/11/20 v0.06 `PST-fp' (hv)
)
(C:\Users\Влад\AppData\Local\Programs\MiKTeX\tex/latex/pst-node\pst-node.st
y
Package: pst-node 2012/09/18 v1.01 LaTeX wrapper for `pst-node' (HV)
Package: pst-node 2010/04/22 package wrapper for pst-node.tex

(C:\Users\Влад\AppData\Local\Programs\MiKTeX\tex/generic/pst-node\pst-node.
tex  v1.44, 2024/07/04
\psrow=\count383
\pscol=\count384
\psmatrixcnt=\count385
\psrowsep=\skip60
\pscolsep=\skip61
\pst@args=\count386
\num@pts=\count387
\pst@argcnt=\count388
)
File: pst-node.tex 2024/07/04 1.44 `pst-node' (tvz,hv)
)
(C:\Users\Влад\AppData\Local\Programs\MiKTeX\tex/latex/pst-tools\pst-tools.
sty
Package: pst-tools 2012/01/01 package wrapper for pst-tools.tex (hv)

(C:\Users\Влад\AppData\Local\Programs\MiKTeX\tex/generic/pst-tools\pst-tool
s.tex `PST-tools' v0.12, 2021/09/23 (hv)
\randomi=\count389
\ranval=\count390
)
File: pst-tools.tex 2021/09/23 v0.12 `PST-tools' (hv)
)
(C:\Users\Влад\AppData\Local\Programs\MiKTeX\tex/latex/pst-calculate\pst-ca
lculate.sty
Package: pst-calculate 2019/01/24 v. 0.02(Herbert Voss) Support for caculations
 with floating point numbers.
)
Package: pst-eucl 2020/09/29 package wrapper for PSTricks pst-eucl.tex

(C:\Users\Влад\AppData\Local\Programs\MiKTeX\tex/generic/pst-eucl\pst-eucl.
tex
(C:\Users\Влад\AppData\Local\Programs\MiKTeX\tex/generic/pst-arrow\pst-arro
w.tex `pst-arrow' v0.05, 2021/11/16 (dr,hv))
(C:\Users\Влад\AppData\Local\Programs\MiKTeX\tex/generic/pst-plot\pst-plot.
tex
(C:\Users\Влад\AppData\Local\Programs\MiKTeX\tex/generic/pst-tools\pst-tool
s.tex)
(C:\Users\Влад\AppData\Local\Programs\MiKTeX\tex/generic/pstricks-add\pstri
cks-add.tex
(C:\Users\Влад\AppData\Local\Programs\MiKTeX\tex/generic/pst-3d\pst-3d.tex
`PST-3d' v1.11, 2010/02/14 (tvz))
(C:\Users\Влад\AppData\Local\Programs\MiKTeX\tex/generic/multido\multido.te
x  v1.42, 2010/05/14 <tvz>
\multido@count=\count391
\multidocount=\count392
\multido@stuff=\toks58
)
(C:\Users\Влад\AppData\Local\Programs\MiKTeX\tex/generic/pst-math\pst-math.
tex `pst-math' v0.67 , (CJ,hv)) `pstricks-add' v3.94, 2023/04/17 (dr,hv)
\psparallelogramsep=\dimen350
\pst@cntC=\count393
\pst@stepcount=\count394
\chart@ColorIndex=\dimen351
\chart@ColorStep=\dimen352
\pst@chartHeight=\dimen353
\pst@chartStackDepth=\dimen354
\pst@chartStackWidth=\dimen355
\chart@Toggle=\count395
\psVectorCtr=\count396
)
(C:\Users\Влад\AppData\Local\Programs\MiKTeX\tex/generic/multido\multido.te
x  v1.42, 2010/05/14 <tvz>)  v1.94, 2022/11/21 (tvz,hv)
\pstRadUnit=\dimen356
\pstRadUnitInv=\dimen357
\pst@linecnt=\count397
\RCD@file=\read4
\psxlabelsep=\dimen358
\psylabelsep=\dimen359
\psk@subticksize=\dimen360
\pst@xticksizeA=\dimen361
\pst@xticksizeB=\dimen362
\pst@xticksizeC=\dimen363
\pst@yticksizeA=\dimen364
\pst@yticksizeB=\dimen365
\pst@yticksizeC=\dimen366
\@digitcounter=\count398
\psk@llx=\dimen367
\psk@lly=\dimen368
\psk@urx=\dimen369
\psk@ury=\dimen370
\pst@xunit=\dimen371
\pst@yunit=\dimen372
)
(C:\Users\Влад\AppData\Local\Programs\MiKTeX\tex/generic/multido\multido.te
x  v1.42, 2010/05/14 <tvz>) `PST-Euclide v1.77, 2023/04/15 (dr,hv)
\psMarkHashLength=\dimen373
\psMarkHashSep=\dimen374
)
File: pst-eucl.tex 2023/04/15 v1.77 `PST-eucl' (dr,hv)
)
(C:\Users\Влад\AppData\Local\Programs\MiKTeX\tex/latex/tcolorbox\tcolorbox.
sty
Package: tcolorbox 2025/11/28 version 6.9.0 text color boxes

(C:\Users\Влад\AppData\Local\Programs\MiKTeX\tex/latex/tools\verbatim.sty
Package: verbatim 2024-01-22 v1.5x LaTeX2e package for verbatim enhancements
\every@verbatim=\toks59
\verbatim@line=\toks60
\verbatim@in@stream=\read5
)
(C:\Users\Влад\AppData\Local\Programs\MiKTeX\tex/latex/environ\environ.sty
Package: environ 2014/05/04 v0.3 A new way to define environments

(C:\Users\Влад\AppData\Local\Programs\MiKTeX\tex/latex/trimspaces\trimspace
s.sty
Package: trimspaces 2009/09/17 v1.1 Trim spaces around a token list
))
\tcb@titlebox=\box88
\tcb@upperbox=\box89
\tcb@lowerbox=\box90
\tcb@phantombox=\box91
\c@tcbbreakpart=\count399
\c@tcblayer=\count400
\c@tcolorbox@number=\count401
\l__tcobox_tmpa_box=\box92
\l__tcobox_tmpa_dim=\dimen375
\tcb@temp=\box93
\tcb@temp=\box94
\tcb@temp=\box95
\tcb@temp=\box96

(C:\Users\Влад\AppData\Local\Programs\MiKTeX\tex/latex/tcolorbox\tcbraster.
code.tex
Library (tcolorbox): 'tcbraster.code.tex' version '6.9.0'
\c@tcbrastercolumn=\count402
\c@tcbrasterrow=\count403
\c@tcbrasternum=\count404
\c@tcbraster=\count405
)
(C:\Users\Влад\AppData\Local\Programs\MiKTeX\tex/latex/tcolorbox\tcbskins.c
ode.tex
Library (tcolorbox): 'tcbskins.code.tex' version '6.9.0'

(C:\Users\Влад\AppData\Local\Programs\MiKTeX\tex/latex/tikzfill\tikzfill.im
age.sty
Package: tikzfill.image 2026/04/23 v1.2.0 Image filling library for TikZ

(C:\Users\Влад\AppData\Local\Programs\MiKTeX\tex/latex/tikzfill\tikzlibrary
fill.image.code.tex
File: tikzlibraryfill.image.code.tex 2026/04/23 v1.2.0 Image filling library
\l__tikzfill_tmpa_dim=\dimen376
\l__tikzfill_tmpb_dim=\dimen377
\l__tikzfill_img_box=\box97
))
(C:\Users\Влад\AppData\Local\Programs\MiKTeX\tex/latex/tcolorbox\tcbskinsji
gsaw.code.tex
Library (tcolorbox): 'tcbskinsjigsaw.code.tex' version '6.9.0'
))
(C:\Users\Влад\AppData\Local\Programs\MiKTeX\tex/latex/tcolorbox\tcbbreakab
le.code.tex
Library (tcolorbox): 'tcbbreakable.code.tex' version '6.9.0'
(C:\Users\Влад\AppData\Local\Programs\MiKTeX\tex/latex/pdfcol\pdfcol.sty
Package: pdfcol 2022-09-21 v1.7 Handle new color stacks for pdfTeX (HO)
)
Package pdfcol Info: New color stack `tcb@breakable' = 1 on input line 23.
\tcb@testbox=\box98
\tcb@totalupperbox=\box99
\tcb@totallowerbox=\box100
)
(C:\Users\Влад\AppData\Local\Programs\MiKTeX\tex/latex/tcolorbox\tcbhooks.c
ode.tex
Library (tcolorbox): 'tcbhooks.code.tex' version '6.9.0'
)
(C:\Users\Влад\AppData\Local\Programs\MiKTeX\tex/latex/tcolorbox\tcbtheorem
s.code.tex
Library (tcolorbox): 'tcbtheorems.code.tex' version '6.9.0'
)
(C:\Users\Влад\AppData\Local\Programs\MiKTeX\tex/latex/tcolorbox\tcbfitting
.code.tex
Library (tcolorbox): 'tcbfitting.code.tex' version '6.9.0'
\tcbfitdim=\dimen378
\tcb@lowerfitdim=\dimen379
\tcb@upperfitdim=\dimen380
\tcb@cur@hbadness=\count406
)
(C:\Users\Влад\AppData\Local\Programs\MiKTeX\tex/latex/tcolorbox\tcblisting
sutf8.code.tex
Library (tcolorbox): 'tcblistingsutf8.code.tex' version '6.9.0'

(C:\Users\Влад\AppData\Local\Programs\MiKTeX\tex/latex/tcolorbox\tcblisting
s.code.tex
Library (tcolorbox): 'tcblistings.code.tex' version '6.9.0'

(C:\Users\Влад\AppData\Local\Programs\MiKTeX\tex/latex/listings\listings.st
y
\lst@mode=\count407
\lst@gtempboxa=\box101
\lst@token=\toks61
\lst@length=\count408
\lst@currlwidth=\dimen381
\lst@column=\count409
\lst@pos=\count410
\lst@lostspace=\dimen382
\lst@width=\dimen383
\lst@newlines=\count411
\lst@lineno=\count412
\lst@maxwidth=\dimen384

(C:\Users\Влад\AppData\Local\Programs\MiKTeX\tex/latex/listings\lstpatch.st
y
File: lstpatch.sty 2025/11/14 1.11b (Carsten Heinz)
)
(C:\Users\Влад\AppData\Local\Programs\MiKTeX\tex/latex/listings\lstmisc.sty
File: lstmisc.sty 2025/11/14 1.11b (Carsten Heinz)
\c@lstnumber=\count413
\lst@skipnumbers=\count414
\lst@framebox=\box102
)
(C:\Users\Влад\AppData\Local\Programs\MiKTeX\tex/latex/listings\listings.cf
g
File: listings.cfg 2025/11/14 1.11b listings configuration
))
Package: listings 2025/11/14 1.11b (Carsten Heinz)

==> First Aid for listings.sty no longer applied!
    Expected:
        2024/09/23 1.10c (Carsten Heinz)
    but found:
        2025/11/14 1.11b (Carsten Heinz)
    so I'm assuming it got fixed.

(C:\Users\Влад\AppData\Local\Programs\MiKTeX\tex/latex/tcolorbox\tcblisting
score.code.tex
Library (tcolorbox): 'tcblistingscore.code.tex' version '6.9.0'

(C:\Users\Влад\AppData\Local\Programs\MiKTeX\tex/latex/tcolorbox\tcbprocess
ing.code.tex
Library (tcolorbox): 'tcbprocessing.code.tex' version '6.9.0'
)
\c@tcblisting=\count415
))
(C:\Users\Влад\AppData\Local\Programs\MiKTeX\tex/latex/listingsutf8\listing
sutf8.sty
Package: listingsutf8 2019-12-10 v1.5 Allow UTF-8 in listings input (HO)

(C:\Users\Влад\AppData\Local\Programs\MiKTeX\tex/generic/stringenc\stringen
c.sty
Package: stringenc 2019/11/29 v1.12 Convert strings between diff. encodings (HO
)

(C:\Users\Влад\AppData\Local\Programs\MiKTeX\tex/generic/pdfescape\pdfescap
e.sty
Package: pdfescape 2019/12/09 v1.15 Implements pdfTeX's escape features (HO)
))))
(C:\Users\Влад\AppData\Local\Programs\MiKTeX\tex/latex/tcolorbox\tcbexterna
l.code.tex
Library (tcolorbox): 'tcbexternal.code.tex' version '6.9.0'
)
(C:\Users\Влад\AppData\Local\Programs\MiKTeX\tex/latex/tcolorbox\tcbmagazin
e.code.tex
Library (tcolorbox): 'tcbmagazine.code.tex' version '6.9.0'
)
(C:\Users\Влад\AppData\Local\Programs\MiKTeX\tex/latex/tcolorbox\tcbvignett
e.code.tex
Library (tcolorbox): 'tcbvignette.code.tex' version '6.9.0'

(C:\Users\Влад\AppData\Local\Programs\MiKTeX\tex/generic/pgf/frontendlayer/
tikz/libraries\tikzlibraryfadings.code.tex
File: tikzlibraryfadings.code.tex 2025-08-29 v3.1.11a (3.1.11a)

(C:\Users\Влад\AppData\Local\Programs\MiKTeX\tex/generic/pgf/libraries\pgfl
ibraryfadings.code.tex
File: pgflibraryfadings.code.tex 2025-08-29 v3.1.11a (3.1.11a)
)))
(C:\Users\Влад\AppData\Local\Programs\MiKTeX\tex/latex/tcolorbox\tcbposter.
code.tex
Library (tcolorbox): 'tcbposter.code.tex' version '6.9.0'
))
(C:\Users\Влад\AppData\Local\Programs\MiKTeX\tex/latex/tcolorbox\tcbxparse.
code.tex
Library (tcolorbox): 'tcbxparse.code.tex' version '6.9.0'
)
(C:\Users\Влад\AppData\Local\Programs\MiKTeX\tex/latex/mdframed\mdframed.st
y
Package: mdframed 2013/07/01 1.9b: mdframed

(C:\Users\Влад\AppData\Local\Programs\MiKTeX\tex/latex/kvoptions\kvoptions.
sty
Package: kvoptions 2022-06-15 v3.15 Key value format for package options (HO)

(C:\Users\Влад\AppData\Local\Programs\MiKTeX\tex/latex/kvsetkeys\kvsetkeys.
sty
Package: kvsetkeys 2022-10-05 v1.19 Key value parser (HO)
))
(C:\Users\Влад\AppData\Local\Programs\MiKTeX\tex/latex/zref\zref-abspage.st
y
Package: zref-abspage 2026-03-07 v2.37 Module abspage for zref (HO)
 (C:\Users\Влад\AppData\Local\Programs\MiKTeX\tex/latex/zref\zref-base.sty
Package: zref-base 2026-03-07 v2.37 Module base for zref (HO)

(C:\Users\Влад\AppData\Local\Programs\MiKTeX\tex/generic/kvdefinekeys\kvdef
inekeys.sty
Package: kvdefinekeys 2019-12-19 v1.6 Define keys (HO)
)
(C:\Users\Влад\AppData\Local\Programs\MiKTeX\tex/generic/etexcmds\etexcmds.
sty
Package: etexcmds 2019/12/15 v1.7 Avoid name clashes with e-TeX commands (HO)
)
(C:\Users\Влад\AppData\Local\Programs\MiKTeX\tex/latex/auxhook\auxhook.sty
Package: auxhook 2019-12-17 v1.6 Hooks for auxiliary files (HO)
)
Package zref Info: New property list: main on input line 767.
Package zref Info: New property: default on input line 768.
Package zref Info: New property: page on input line 769.
)
\c@abspage=\count416
Package zref Info: New property: abspage on input line 67.
)
(C:\Users\Влад\AppData\Local\Programs\MiKTeX\tex/latex/needspace\needspace.
sty
Package: needspace 2025/03/13 v1.3e reserve vertical space
)
\mdf@templength=\skip62
\c@mdf@globalstyle@cnt=\count417
\mdf@skipabove@length=\skip63
\mdf@skipbelow@length=\skip64
\mdf@leftmargin@length=\skip65
\mdf@rightmargin@length=\skip66
\mdf@innerleftmargin@length=\skip67
\mdf@innerrightmargin@length=\skip68
\mdf@innertopmargin@length=\skip69
\mdf@innerbottommargin@length=\skip70
\mdf@splittopskip@length=\skip71
\mdf@splitbottomskip@length=\skip72
\mdf@outermargin@length=\skip73
\mdf@innermargin@length=\skip74
\mdf@linewidth@length=\skip75
\mdf@innerlinewidth@length=\skip76
\mdf@middlelinewidth@length=\skip77
\mdf@outerlinewidth@length=\skip78
\mdf@roundcorner@length=\skip79
\mdf@footenotedistance@length=\skip80
\mdf@userdefinedwidth@length=\skip81
\mdf@needspace@length=\skip82
\mdf@frametitleaboveskip@length=\skip83
\mdf@frametitlebelowskip@length=\skip84
\mdf@frametitlerulewidth@length=\skip85
\mdf@frametitleleftmargin@length=\skip86
\mdf@frametitlerightmargin@length=\skip87
\mdf@shadowsize@length=\skip88
\mdf@extratopheight@length=\skip89
\mdf@subtitleabovelinewidth@length=\skip90
\mdf@subtitlebelowlinewidth@length=\skip91
\mdf@subtitleaboveskip@length=\skip92
\mdf@subtitlebelowskip@length=\skip93
\mdf@subtitleinneraboveskip@length=\skip94
\mdf@subtitleinnerbelowskip@length=\skip95
\mdf@subsubtitleabovelinewidth@length=\skip96
\mdf@subsubtitlebelowlinewidth@length=\skip97
\mdf@subsubtitleaboveskip@length=\skip98
\mdf@subsubtitlebelowskip@length=\skip99
\mdf@subsubtitleinneraboveskip@length=\skip100
\mdf@subsubtitleinnerbelowskip@length=\skip101

(C:\Users\Влад\AppData\Local\Programs\MiKTeX\tex/latex/mdframed\md-frame-0.
mdf
File: md-frame-0.mdf 2013/07/01\ 1.9b: md-frame-0
)
\mdf@frametitlebox=\box103
\mdf@footnotebox=\box104
\mdf@splitbox@one=\box105
\mdf@splitbox@two=\box106
\mdf@splitbox@save=\box107
\mdfsplitboxwidth=\skip102
\mdfsplitboxtotalwidth=\skip103
\mdfsplitboxheight=\skip104
\mdfsplitboxdepth=\skip105
\mdfsplitboxtotalheight=\skip106
\mdfframetitleboxwidth=\skip107
\mdfframetitleboxtotalwidth=\skip108
\mdfframetitleboxheight=\skip109
\mdfframetitleboxdepth=\skip110
\mdfframetitleboxtotalheight=\skip111
\mdffootnoteboxwidth=\skip112
\mdffootnoteboxtotalwidth=\skip113
\mdffootnoteboxheight=\skip114
\mdffootnoteboxdepth=\skip115
\mdffootnoteboxtotalheight=\skip116
\mdftotallinewidth=\skip117
\mdfboundingboxwidth=\skip118
\mdfboundingboxtotalwidth=\skip119
\mdfboundingboxheight=\skip120
\mdfboundingboxdepth=\skip121
\mdfboundingboxtotalheight=\skip122
\mdf@freevspace@length=\skip123
\mdf@horizontalwidthofbox@length=\skip124
\mdf@verticalmarginwhole@length=\skip125
\mdf@horizontalspaceofbox=\skip126
\mdfsubtitleheight=\skip127
\mdfsubsubtitleheight=\skip128
\c@mdfcountframes=\count418

****** mdframed patching \endmdf@trivlist

****** -- success******

\mdf@envdepth=\count419
\c@mdf@env@i=\count420
\c@mdf@env@ii=\count421
\c@mdf@zref@counter=\count422
Package zref Info: New property: mdf@pagevalue on input line 895.
)
(C:\Users\Влад\AppData\Local\Programs\MiKTeX\tex/latex/darkmode\darkmode.st
y
(C:\Users\Влад\AppData\Local\Programs\MiKTeX\tex/latex/l3packages/l3keys2e\
l3keys2e.sty
Package: l3keys2e 2025-10-09 LaTeX2e option processing using LaTeX3 keys
)
Package: darkmode 2022-09-01 v1.0.1 Provide general dark mode support for any L
aTeX document.

(C:\Users\Влад\AppData\Local\Programs\MiKTeX\tex/latex/pagecolor\pagecolor.
sty
Package: pagecolor 2025-01-28 v1.2d Provides thepagecolor (HMM)
))
(C:\Users\Влад\AppData\Local\Programs\MiKTeX\tex/latex/chemfig\chemfig.sty
(C:\Users\Влад\AppData\Local\Programs\MiKTeX\tex/generic/chemfig\chemfig.te
x
(C:\Users\Влад\AppData\Local\Programs\MiKTeX\tex/generic/simplekv\simplekv.
tex
Package: simplekv 2025/06/15 v0.32 Simple keyval package (CT)
)
\CF_cnt_atomgroup=\count423
\CF_cnt_group=\count424
\CF_cnt_atom=\count425
\CF_cnt_cycle=\count426
\CF_cnt_cyclebonds=\count427
\CF_cnt_compound=\count428
\CF_dim=\dimen385
\CF_turnangle=\dimen386
\CF_arrowsize=\dimen387
\CF_zero=\dimen388
\CF_box=\box108
\CF_boxstuff=\box109
\CF_testbox=\box110
\CF_chargebox=\box111
\CF_substtoks=\toks62
\CF_harrow_boxup=\box112
\CF_harrow_boxdown=\box113
\CF_hreact_cnt=\count429
)
Package: chemfig 2025/10/30 v1.71 Draw molecule with an easy syntax (CT)
)
(C:\Users\Влад\AppData\Local\Programs\MiKTeX\tex/latex/preprint\fullpage.st
y
Package: fullpage 1999/02/23 1.1 (PWD)
\FP@margin=\skip129
)
(C:\Users\Влад\AppData\Local\Programs\MiKTeX\tex/latex/changepage\changepag
e.sty
Package: changepage 2009/10/20 v1.0c check page and change page layout
\c@cp@cntr=\count430
\cp@tempcnt=\count431
) (C:\Users\Влад\AppData\Local\Programs\MiKTeX\tex/latex/ulem\ulem.sty
\UL@box=\box114
\UL@hyphenbox=\box115
\UL@skip=\skip130
\UL@hook=\toks63
\UL@height=\dimen389
\UL@pe=\count432
\UL@pixel=\dimen390
\ULC@box=\box116
Package: ulem 2019/11/18
\ULdepth=\dimen391
)
(C:\Users\Влад\AppData\Local\Programs\MiKTeX\tex/latex/titlesec\titlesec.st
y
Package: titlesec 2025/01/04 v2.17 Sectioning titles
\ttl@box=\box117
\beforetitleunit=\skip131
\aftertitleunit=\skip132
\ttl@plus=\dimen392
\ttl@minus=\dimen393
\ttl@toksa=\toks64
\titlewidth=\dimen394
\titlewidthlast=\dimen395
\titlewidthfirst=\dimen396
) (C:\Users\Влад\AppData\Local\Programs\MiKTeX\tex/latex/tools\calc.sty
Package: calc 2025/03/01 v4.3b Infix arithmetic (KKT,FJ)
\calc@Acount=\count433
\calc@Bcount=\count434
\calc@Adimen=\dimen397
\calc@Bdimen=\dimen398
\calc@Askip=\skip133
\calc@Bskip=\skip134
LaTeX Info: Redefining \setlength on input line 86.
LaTeX Info: Redefining \addtolength on input line 87.
\calc@Ccount=\count435
\calc@Cskip=\skip135
)
(C:\Users\Влад\AppData\Local\Programs\MiKTeX\tex/generic/pgfplots/libs\tikz
librarypgfplots.groupplots.code.tex
\pgfplots@group@current@plot=\count436
\pgfplots@group@current@row=\count437
\pgfplots@group@current@column=\count438
)
(C:\Users\Влад\AppData\Local\Programs\MiKTeX\tex/generic/pgfplots/libs\tikz
librarypgfplots.colormaps.code.tex)
(C:\Users\Влад\AppData\Local\Programs\MiKTeX\tex/generic/pgfplots/libs\tikz
librarypgfplots.patchplots.code.tex)
(C:\Users\Влад\AppData\Local\Programs\MiKTeX\tex/generic/pgfplots/libs\tikz
librarypgfplots.fillbetween.code.tex
(C:\Users\Влад\AppData\Local\Programs\MiKTeX\tex/generic/pgfplots/pgfcontri
b\tikzlibraryfillbetween.code.tex
(C:\Users\Влад\AppData\Local\Programs\MiKTeX\tex/generic/pgfplots/pgfcontri
b\tikzlibrarydecorations.softclip.code.tex
(C:\Users\Влад\AppData\Local\Programs\MiKTeX\tex/generic/pgfplots/pgfcontri
b\pgflibraryfillbetween.code.tex)))
(C:\Users\Влад\AppData\Local\Programs\MiKTeX\tex/generic/pgfplots/libs\tikz
librarypgfplots.decorations.softclip.code.tex))
(C:\Users\Влад\AppData\Local\Programs\MiKTeX\tex/generic/pgf/frontendlayer/
tikz/libraries\tikzlibrarypatterns.code.tex
File: tikzlibrarypatterns.code.tex 2025-08-29 v3.1.11a (3.1.11a)

(C:\Users\Влад\AppData\Local\Programs\MiKTeX\tex/generic/pgf/libraries\pgfl
ibrarypatterns.code.tex
File: pgflibrarypatterns.code.tex 2025-08-29 v3.1.11a (3.1.11a)
))
(C:\Users\Влад\AppData\Local\Programs\MiKTeX\tex/generic/pgf/frontendlayer/
tikz/libraries\tikzlibraryshadings.code.tex
File: tikzlibraryshadings.code.tex 2025-08-29 v3.1.11a (3.1.11a)

(C:\Users\Влад\AppData\Local\Programs\MiKTeX\tex/generic/pgf/libraries\pgfl
ibraryshadings.code.tex
File: pgflibraryshadings.code.tex 2025-08-29 v3.1.11a (3.1.11a)
))
(C:\Users\Влад\AppData\Local\Programs\MiKTeX\tex/generic/pgf/frontendlayer/
tikz/libraries\tikzlibrarybending.code.tex
File: tikzlibrarybending.code.tex 2025-08-29 v3.1.11a (3.1.11a)

(C:\Users\Влад\AppData\Local\Programs\MiKTeX\tex/generic/pgf/modules\pgfmod
ulebending.code.tex
File: pgfmodulebending.code.tex 2025-08-29 v3.1.11a (3.1.11a)

(C:\Users\Влад\AppData\Local\Programs\MiKTeX\tex/generic/pgf/modules\pgfmod
ulenonlineartransformations.code.tex
File: pgfmodulenonlineartransformations.code.tex 2025-08-29 v3.1.11a (3.1.11a)
\pgftransformnonlinearflatness=\dimen399
)
(C:\Users\Влад\AppData\Local\Programs\MiKTeX\tex/generic/pgf/libraries\pgfl
ibrarycurvilinear.code.tex
File: pgflibrarycurvilinear.code.tex 2025-08-29 v3.1.11a (3.1.11a)
\pgf@curvilinear@time@a=\dimen400
\pgf@curvilinear@length@a=\dimen401
\pgf@curvilinear@length@b=\dimen402
\pgf@curvilinear@length@c=\dimen403
\pgf@curvilinear@length@d=\dimen404
)
\pgf@arrows@the@rigidity=\dimen405
))
(C:\Users\Влад\AppData\Local\Programs\MiKTeX\tex/generic/pgf/frontendlayer/
tikz/libraries\tikzlibraryperspective.code.tex
File: tikzlibraryperspective.code.tex 2025-08-29 v3.1.11a (3.1.11a)
)
(C:\Users\Влад\AppData\Local\Programs\MiKTeX\tex/generic/pgf/frontendlayer/
tikz/libraries\tikzlibraryshapes.arrows.code.tex
File: tikzlibraryshapes.arrows.code.tex 2025-08-29 v3.1.11a (3.1.11a)

(C:\Users\Влад\AppData\Local\Programs\MiKTeX\tex/generic/pgf/libraries/shap
es\pgflibraryshapes.arrows.code.tex
File: pgflibraryshapes.arrows.code.tex 2025-08-29 v3.1.11a (3.1.11a)
)))
(C:\Users\Влад\AppData\Local\Programs\MiKTeX\tex/latex/hyperref\hyperref.st
y
Package: hyperref 2025-07-12 v7.01o Hypertext links for LaTeX

(C:\Users\Влад\AppData\Local\Programs\MiKTeX\tex/latex/hycolor\hycolor.sty
Package: hycolor 2020-01-27 v1.10 Color options for hyperref/bookmark (HO)
)
(C:\Users\Влад\AppData\Local\Programs\MiKTeX\tex/latex/hyperref\nameref.sty
Package: nameref 2025-06-21 v2.57 Cross-referencing by name of section

(C:\Users\Влад\AppData\Local\Programs\MiKTeX\tex/latex/refcount\refcount.st
y
Package: refcount 2019/12/15 v3.6 Data extraction from label references (HO)
)
(C:\Users\Влад\AppData\Local\Programs\MiKTeX\tex/generic/gettitlestring\get
titlestring.sty
Package: gettitlestring 2019/12/15 v1.6 Cleanup title references (HO)
)
\c@section@level=\count439
)
\@linkdim=\dimen406
\Hy@linkcounter=\count440
\Hy@pagecounter=\count441

(C:\Users\Влад\AppData\Local\Programs\MiKTeX\tex/latex/hyperref\pd1enc.def
File: pd1enc.def 2025-07-12 v7.01o Hyperref: PDFDocEncoding definition (HO)
Now handling font encoding PD1 ...
... no UTF-8 mapping file for font encoding PD1
)
(C:\Users\Влад\AppData\Local\Programs\MiKTeX\tex/generic/intcalc\intcalc.st
y
Package: intcalc 2019/12/15 v1.3 Expandable calculations with integers (HO)
)
\Hy@SavedSpaceFactor=\count442

(C:\Users\Влад\AppData\Local\Programs\MiKTeX\tex/latex/hyperref\puenc.def
File: puenc.def 2025-07-12 v7.01o Hyperref: PDF Unicode definition (HO)
Now handling font encoding PU ...
... no UTF-8 mapping file for font encoding PU

(C:\Users\Влад\AppData\Local\Programs\MiKTeX\tex/latex/greek-fontenc\puenc-
greek.def
File: puenc-greek.def 2023-09-12 2.5 Greek LICRs for PDF strings

(C:\Users\Влад\AppData\Local\Programs\MiKTeX\tex/latex/greek-fontenc\greek-
fontenc.def
File: greek-fontenc.def 2023-09-12 2.5 Common Greek font encoding definitions
)
LaTeX Encoding Info:    Redeclaring text command \textmu (encoding PU) on input
 line 179.
)
LaTeX Encoding Info:    Redeclaring text command \textohm (encoding PU) on inpu
t line 1176.
)
Package hyperref Info: Option `unicode' set `true' on input line 3160.
Package hyperref Info: Option `unicode' set `true' on input line 4066.
Package hyperref Info: Option `colorlinks' set `true' on input line 4066.
Package hyperref Info: Hyper figures OFF on input line 4195.
Package hyperref Info: Link nesting OFF on input line 4200.
Package hyperref Info: Hyper index ON on input line 4203.
Package hyperref Info: Plain pages OFF on input line 4210.
Package hyperref Info: Backreferencing OFF on input line 4215.
Package hyperref Info: Implicit mode ON; LaTeX internals redefined.
Package hyperref Info: Bookmarks ON on input line 4462.
\c@Hy@tempcnt=\count443

(C:\Users\Влад\AppData\Local\Programs\MiKTeX\tex/latex/url\url.sty
\Urlmuskip=\muskip18
Package: url 2013/09/16  ver 3.4  Verb mode for urls, etc.
)
LaTeX Info: Redefining \url on input line 4801.
\XeTeXLinkMargin=\dimen407

(C:\Users\Влад\AppData\Local\Programs\MiKTeX\tex/generic/bitset\bitset.sty
Package: bitset 2019/12/09 v1.3 Handle bit-vector datatype (HO)

(C:\Users\Влад\AppData\Local\Programs\MiKTeX\tex/generic/bigintcalc\bigintc
alc.sty
Package: bigintcalc 2019/12/15 v1.5 Expandable calculations on big integers (HO
)
))
\Fld@menulength=\count444
\Field@Width=\dimen408
\Fld@charsize=\dimen409
Package hyperref Info: Hyper figures OFF on input line 6078.
Package hyperref Info: Link nesting OFF on input line 6083.
Package hyperref Info: Hyper index ON on input line 6086.
Package hyperref Info: backreferencing OFF on input line 6093.
Package hyperref Info: Link coloring ON on input line 6096.
Package hyperref Info: Link coloring with OCG OFF on input line 6103.
Package hyperref Info: PDF/A mode OFF on input line 6108.
\Hy@abspage=\count445
\c@Item=\count446
\c@Hfootnote=\count447
)
Package hyperref Info: Driver (autodetected): hpdftex.

(C:\Users\Влад\AppData\Local\Programs\MiKTeX\tex/latex/hyperref\hpdftex.def
File: hpdftex.def 2025-07-12 v7.01o Hyperref driver for pdfTeX
\HyAnn@Count=\count448
\Fld@listcount=\count449
\c@bookmark@seq@number=\count450

(C:\Users\Влад\AppData\Local\Programs\MiKTeX\tex/latex/rerunfilecheck\rerun
filecheck.sty
Package: rerunfilecheck 2025-06-21 v1.11 Rerun checks for auxiliary files (HO)

(C:\Users\Влад\AppData\Local\Programs\MiKTeX\tex/generic/uniquecounter\uniq
uecounter.sty
Package: uniquecounter 2019/12/15 v1.4 Provide unlimited unique counter (HO)
)
Package uniquecounter Info: New unique counter `rerunfilecheck' on input line 2
84.
)
\Hy@SectionHShift=\skip136
) (../style/colors.tex) (../style/page-style.tex)
(../style/boxes.tex) (../style/figures.tex) (../style/headings.tex)
(../style/commands.tex))))
(c:/Users\Влад\Documents\Курс 4 Семестр 1\ОВФ\01_Лекции
\LaTeX\build_parts\cheat_sheet.aux
Package babel Info: 'russian' activates 'russian' shorthands.
(babel)             Reported on input line 9.
)
\openout1 = `cheat_sheet.aux'.

LaTeX Font Info:    Checking defaults for OML/cmm/m/it on input line 5.
LaTeX Font Info:    ... okay on input line 5.
LaTeX Font Info:    Checking defaults for OMS/cmsy/m/n on input line 5.
LaTeX Font Info:    ... okay on input line 5.
LaTeX Font Info:    Checking defaults for OT1/cmr/m/n on input line 5.
LaTeX Font Info:    ... okay on input line 5.
LaTeX Font Info:    Checking defaults for T1/cmr/m/n on input line 5.
LaTeX Font Info:    ... okay on input line 5.
LaTeX Font Info:    Checking defaults for TS1/cmr/m/n on input line 5.
LaTeX Font Info:    ... okay on input line 5.
LaTeX Font Info:    Checking defaults for OMX/cmex/m/n on input line 5.
LaTeX Font Info:    ... okay on input line 5.
LaTeX Font Info:    Checking defaults for U/cmr/m/n on input line 5.
LaTeX Font Info:    ... okay on input line 5.
LaTeX Font Info:    Checking defaults for T2A/cmr/m/n on input line 5.
LaTeX Font Info:    ... okay on input line 5.
LaTeX Font Info:    Checking defaults for LGR/cmr/m/n on input line 5.
LaTeX Font Info:    Trying to load font information for LGR+cmr on input line 5
.

(C:\Users\Влад\AppData\Local\Programs\MiKTeX\tex/latex/cbfonts-fd\lgrcmr.fd
File: lgrcmr.fd 2017/07/29 v1.2 Greek European Computer Regular
)
LaTeX Font Info:    ... okay on input line 5.
LaTeX Font Info:    Checking defaults for PD1/pdf/m/n on input line 5.
LaTeX Font Info:    ... okay on input line 5.
LaTeX Font Info:    Checking defaults for PU/pdf/m/n on input line 5.
LaTeX Font Info:    ... okay on input line 5.
LaTeX Info: Redefining \th on input line 5.

(C:\Users\Влад\AppData\Local\Programs\MiKTeX\tex/context/base/mkii\supp-pdf
.mkii
[Loading MPS to PDF converter (version 2006.09.02).]
\scratchcounter=\count451
\scratchdimen=\dimen410
\scratchbox=\box118
\nofMPsegments=\count452
\nofMParguments=\count453
\everyMPshowfont=\toks65
\MPscratchCnt=\count454
\MPscratchDim=\dimen411
\MPnumerator=\count455
\makeMPintoPDFobject=\count456
\everyMPtoPDFconversion=\toks66
)
(C:\Users\Влад\AppData\Local\Programs\MiKTeX\tex/latex/epstopdf-pkg\epstopd
f-base.sty
Package: epstopdf-base 2020-01-24 v2.11 Base part for package epstopdf
Package epstopdf-base Info: Redefining graphics rule for `.eps' on input line 4
85.

(C:\Users\Влад\AppData\Local\Programs\MiKTeX\tex/latex/00miktex\epstopdf-sy
s.cfg
File: epstopdf-sys.cfg 2021/03/18 v2.0 Configuration of epstopdf for MiKTeX
))
Package caption Info: Begin \AtBeginDocument code.
Package caption Info: changepage package is loaded.
\caption@adjustwidth@hsize=\dimen412
\caption@adjustwidth@linewidth=\dimen413
Package caption Info: hyperref package is loaded.
Package caption Info: listings package is loaded.
Package caption Info: End \AtBeginDocument code.
Package translations Info: no dictionary file `translations-basic-dictionary-ru
ssian.trsl' found. on input line 5.

(C:\Users\Влад\AppData\Local\Programs\MiKTeX\tex/latex/translations/dicts\t
ranslations-basic-dictionary-english.trsl
File: translations-basic-dictionary-english.trsl (english translation file `tra
nslations-basic-dictionary')
)
Package translations Info: loading dictionary `translations-basic-dictionary' f
or `english'. on input line 5.

Package pgfplots notification 'compat/show suggested version=true': you might b
enefit from \pgfplotsset{compat=1.18} (current compat level: 1.16).

\c@lstlisting=\count457
Package hyperref Info: Link coloring ON on input line 5.

(c:/Users\Влад\Documents\Курс 4 Семестр 1\ОВФ\01_Лекции
\LaTeX\build_parts\cheat_sheet.out)
(c:/Users\Влад\Documents\Курс 4 Семестр 1\ОВФ\01_Лекции
\LaTeX\build_parts\cheat_sheet.out)
\@outlinefile=\write4
\openout4 = `cheat_sheet.out'.


{\cyrillictext \CYRG \cyrl \cyra \cyrv \cyra } 0.
<<ot1.cmap>><<oml.cmap>><<oms.cmap>><<omx.cmap>>
LaTeX Font Info:    Trying to load font information for U+msa on input line 17.


(C:\Users\Влад\AppData\Local\Programs\MiKTeX\tex/latex/amsfonts\umsa.fd
File: umsa.fd 2013/01/14 v3.01 AMS symbols A
)
LaTeX Font Info:    Trying to load font information for U+msb on input line 17.


(C:\Users\Влад\AppData\Local\Programs\MiKTeX\tex/latex/amsfonts\umsb.fd
File: umsb.fd 2013/01/14 v3.01 AMS symbols B
)
[1
Non-PDF special ignored!
<special> header=pstricks.pro
Non-PDF special ignored!
<special> header=pst-algparser.pro
Non-PDF special ignored!
<special> header=pst-tools.pro
Non-PDF special ignored!
<special> header=pst-dots.pro
Non-PDF special ignored!
<special> header=pst-node.pro
Non-PDF special ignored!
<special> header=pst-3d.pro
Non-PDF special ignored!
<special> header=pst-math.pro
Non-PDF special ignored!
<special> header=pstricks-add.pro
Non-PDF special ignored!
<special> header=pst-eucl.pro

Non-PDF special ignored!
<special> ps: /pssetRGBcolor /setrgbcolor load def /pssetCMYKcolor /setcmyk...
Non-PDF special ignored!
<special> ps:tx@Dict begin  gsave STV CP T /ps@rot 0 def grestore  end
Non-PDF special ignored!
<special> ps:tx@Dict begin  gsave STV CP T /ps@refangle 0.  def grestore  e...
Non-PDF special ignored!
<special> ps:tx@Dict begin  gsave STV CP T /ps@rot 0 def grestore  end

{C:/Users/Влад/AppData/Local/MiKTeX/fonts/map/pdftex/pdftex.map}{C:/Users/�
�лад/AppData/Local/Programs/MiKTeX/fonts/enc/dvips/cm-super/cm-super-t2a.enc
}] [2] [3] [4] [5] [6] [7]
(c:/Users\Влад\Documents\Курс 4 Семестр 1\ОВФ\01_Лекции
\LaTeX\build_parts\cheat_sheet.aux)
 ***********
LaTeX2e <2025-11-01>
L3 programming layer <2020/03/25>
 ***********
Package rerunfilecheck Info: File `cheat_sheet.out' has not changed.
(rerunfilecheck)             Checksum: 9DA3D1D7CC0E93761370DA33EBAE3D30;1300.
 ) 
Here is how much of TeX's memory you used:
 61690 strings out of 467871
 1454112 string characters out of 5416924
 2212611 words of memory out of 5000000
 89306 multiletter control sequences out of 15000+600000
 646384 words of font info for 91 fonts, out of 8000000 for 9000
 1141 hyphenation exceptions out of 8191
 116i,9n,127p,1342b,1124s stack positions out of 10000i,1000n,20000p,200000b,200000s
<C:/Users/Влад/AppData/Local/Programs/MiKTeX/fonts/type1/public/amsfonts/
cm/cmex10.pfb><C:/Users/Влад/AppData/Local/Programs/MiKTeX/fonts/type1/publ
ic/amsfonts/cm/cmmi12.pfb><C:/Users/Влад/AppData/Local/Programs/MiKTeX/font
s/type1/public/amsfonts/cm/cmmi8.pfb><C:/Users/Влад/AppData/Local/Programs/
MiKTeX/fonts/type1/public/amsfonts/cm/cmr12.pfb><C:/Users/Влад/AppData/Loca
l/Programs/MiKTeX/fonts/type1/public/amsfonts/cm/cmr8.pfb><C:/Users/Влад/Ap
pData/Local/Programs/MiKTeX/fonts/type1/public/amsfonts/cm/cmsy10.pfb><C:/Users
/Влад/AppData/Local/Programs/MiKTeX/fonts/type1/public/amsfonts/cm/cmsy8.pf
b><C:/Users/Влад/AppData/Local/Programs/MiKTeX/fonts/type1/public/cm-super/
sfbx1200.pfb><C:/Users/Влад/AppData/Local/Programs/MiKTeX/fonts/type1/publi
c/cm-super/sfbx1728.pfb><C:/Users/Влад/AppData/Local/Programs/MiKTeX/fonts/
type1/public/cm-super/sfbx2488.pfb><C:/Users/Влад/AppData/Local/Programs/Mi
KTeX/fonts/type1/public/cm-super/sfrm1200.pfb><C:/Users/Влад/AppData/Local/
Programs/MiKTeX/fonts/type1/public/cm-super/sfti1200.pfb>
Output written on "c:/Users\Влад\Documents\Курс 4 Семестр 1\ОВ
Ф\01_Лекции\LaTeX\build_parts\cheat_sheet.pdf" (7 pages, 182378 bytes).
PDF statistics:
 180 PDF objects out of 1000 (max. 8388607)
 35 named destinations out of 1000 (max. 500000)
 217 words of extra memory for PDF output out of 10000 (max. 10000000)

